category_id,id,title,author,author_id,price,original_price,discount_rate,rating_average,review_count,review_text,quantity_sold,publisher,manufacturer,publish_year,isbn13,pages,seller_name,seller_id,thumbnail_url,num_images,description,format,size,weight,edition,quantity
6445,215445566,"Tạp chí tiếng Anh: The World Ahead 2023 - nhập khẩu từ Singapore, ấn bản 1 năm 1 lần của The Economist",nhieu tac gia,709597,500000,500000,0,5.0,1,,14.0,The Economist,The Economist,2025,9770954307067.0,146.0,Global Book Corporation,130.0,https://salt.tikicdn.com/cache/280x280/ts/product/37/21/00/f67404859c5f03fc6f309950f774afd8.jpg,17,"Giới thiệu đến bạn đọc cuốn ""Tạp chí tiếng Anh: The World Ahead 2023 - nhập khẩu từ Singapore, ấn bản 1 năm 1 lần của The Economist"" với nội dung cực kỳ hấp dẫn và hình thức trình bày đẹp mắt.",Bìa Mềm,10 x 15 cm,1038,Tái bản lần 1,59
1084,273870867,Thám Tử Lừng Danh Conan - Tập 102,Gosho Aoyama,22477,25000,25000,0,5.0,16,,233.0,Nhà Xuất Bản Kim Đồng,Nhà Xuất Bản Kim Đồng,2024,9784645675012,,Nhà sách Fahasa,53660.0,https://salt.tikicdn.com/cache/280x280/ts/product/25/5a/c6/32eb8a0dd8197528e592ab64051f2849.jpg,5,"Giới thiệu đến bạn đọc cuốn ""Thám Tử Lừng Danh Conan - Tập 102"" được biên soạn kỹ lưỡng, phù hợp với mọi đối tượng độc giả.",Bìa Gập,10 x 15 cm,929,Tái bản lần 5,91
882,48209942,"Nông Nghiệp Xanh, Sạch - Kỹ Thuật Trồng Rau, Củ, Quả Hữu Cơ",Lê Ninh,215317,68000,68000,0,0.0,0,,12.0,Công Ty Cổ Phần Tri thức Văn Hóa Sách Việt Nam,Nhà Xuất Bản Hà Nội,2020,9783807004878,136.0,Bamboo Books,281062.0,https://salt.tikicdn.com/cache/280x280/ts/product/b2/30/f6/f717fa5751e3722389db1c965243218e.jpg,11,"Khám phá ngay ấn phẩm ""Nông Nghiệp Xanh, Sạch - Kỹ Thuật Trồng Rau, Củ, Quả Hữu Cơ"" là sự lựa chọn hoàn hảo để bổ sung vào tủ sách của bạn.",Bìa Gập,17 x 24 cm,1115,Tái bản lần 7,31
1468,275191514,"Ấn phẩm Phát triển Xanh - Bloomberg Businessweek Việt Nam - Số tháng 6. 2024: Thu hút nhân tài, đào tạo nhân lực ngành bán dẫn",,,117000,117000,0,5.0,1,,6.0,BEACON ASIA MEDIA,Báo Tài nguyên và Môi trường,2024,9781347787477,128.0,BEACON ASIA MEDIA,343329.0,https://salt.tikicdn.com/cache/280x280/ts/product/a1/a9/c5/bd94431fdd01f56408ba070378e33b54.jpg,2,"Khám phá ngay ấn phẩm ""Ấn phẩm Phát triển Xanh - Bloomberg Businessweek Việt Nam - Số tháng 6. 2024: Thu hút nhân tài, đào tạo nhân lực ngành bán dẫn"" đang được đông đảo độc giả săn đón và đánh giá cao.",Bìa Cứng,17 x 24 cm,855,Tái bản lần 8,21
161,99862912,"Smoothies: Refreshing, Healthy, and Delicious",,,420000,420000,0,0.0,0,,5.0,ARTBook,Ullmann Publishing,2021,9783848002856.0,,Artbook,305.0,https://salt.tikicdn.com/cache/280x280/ts/product/98/aa/34/0b966b895b18e4e6253fac599b32eb1a.jpg,2,"Khám phá ngay ấn phẩm ""Smoothies: Refreshing, Healthy, and Delicious"" là sự lựa chọn hoàn hảo để bổ sung vào tủ sách của bạn.",Bìa Cứng,16 x 24 cm,1102,Tái bản lần 7,79
159,212358210,Detox Smoothies: Lose Weight with Smoothies and Juices,,,420000,420000,0,0.0,0,,,ARTBook,,2025,9783678580505,,Artbook,305.0,https://salt.tikicdn.com/cache/280x280/ts/product/c8/04/43/d0cb447d66b516c835e4a053da9b24b8.jpg,2,"Đừng bỏ lỡ cuốn sách ""Detox Smoothies: Lose Weight with Smoothies and Juices"" đang được đông đảo độc giả săn đón và đánh giá cao.",Boxset,13 x 19 cm,680,Tái bản lần 7,34
163,517875,Sách The Banh Mi Handbook,Andrea Quynhgiao Nguyen,278611,470000,470000,0,5.0,1,,11.0,Penguin Random House,Penguin Random House,2012,9781607745334.0,,Artbook,305.0,https://salt.tikicdn.com/cache/280x280/media/catalog/product/t/h/the banh mi handbook.u2673.d20160912.t145227.857314.jpg,2,"Tác phẩm nổi bật ""Sách The Banh Mi Handbook"" được biên soạn kỹ lưỡng, phù hợp với mọi đối tượng độc giả.",Boxset,16 x 24 cm,1170,Tái bản lần 1,94
14860,34752393,"Bread, Bread, Bread","Ann Morris, Deborah J Short, Josefina Villamil Tinajero, Alfredo Schifini, Ken Heyman","311677, 484047, 546773, 546775, 546777",287800,303000,5,4.0,2,,3.0,HarperCollins Publishers Inc,,2024,9780688063344.0,,Nhà sách Fahasa,53660.0,https://salt.tikicdn.com/cache/280x280/ts/product/1e/3a/a3/98a5f2b5d5f517ef472c01532e13126d.jpg,10,"Giới thiệu đến bạn đọc cuốn ""Bread, Bread, Bread"" hứa hẹn mang lại những kiến thức bổ ích và phút giây thư giãn.",Bìa Cứng,17 x 24 cm,777,Tái bản lần 5,94
14862,270371301,Artbook - Sách Tiếng Anh - The Shared Table: Vegetarian and vegan feasts to cook for your crowd,,,650000,650000,0,0.0,0,,,ARTBook,,2020,9789608506840,,Artbook,305.0,https://salt.tikicdn.com/cache/280x280/ts/product/c8/cb/59/ec4f035ad63865cd114dbefb5539fa50.jpg,10,"Siêu phẩm bán chạy ""Artbook - Sách Tiếng Anh - The Shared Table: Vegetarian and vegan feasts to cook for your crowd"" đang được đông đảo độc giả săn đón và đánh giá cao.",Bìa Gập,16 x 24 cm,758,Tái bản lần 2,98
68078,526038,Sách How To Find A Job And Keep It - Paperback,Simon Boyle,52441,179500,256000,0,5.0,1,,,,,2025,9782768212079,,,,"https://salt.tikicdn.com/cache/280x280/media/catalog/product/4/1/419lxmjpofl._sx373_bo1,204,203,200_.u2469.d20160714.t172333.jpg",2,"Khám phá ngay ấn phẩm ""Sách How To Find A Job And Keep It - Paperback"" là sự lựa chọn hoàn hảo để bổ sung vào tủ sách của bạn.",Boxset,17 x 24 cm,726,Tái bản lần 2,65
68088,278818755,Sách - The New Art of Cooking: A Modern Guide to Preparing and Styling Delicious Food,Frankie Unsworth,403515,880000,880000,0,0.0,0,,,Bloomsbury,,2025,9787053815860,,Bookworm Hà Nội,26789.0,https://salt.tikicdn.com/cache/280x280/ts/product/20/87/2c/8304b5cef12b99f22c4b263ac47dd29c.png,6,"Siêu phẩm bán chạy ""Sách - The New Art of Cooking: A Modern Guide to Preparing and Styling Delicious Food"" hứa hẹn mang lại những kiến thức bổ ích và phút giây thư giãn.",Boxset,16 x 24 cm,304,Tái bản lần 9,72
271,271311904,Pack Your Bags And Learn Asia_ZEN,The Wanderers,4298203,76400,76400,0,0.0,0,,,Zenbooks,Nhà Xuất Bản Đà Nẵng,2021,9789124322422,216.0,VBooks,60209.0,https://salt.tikicdn.com/cache/280x280/ts/product/ba/38/82/5b313ef86b5f95c86219821472d7eb5c.jpg,2,"Khám phá ngay ấn phẩm ""Pack Your Bags And Learn Asia_ZEN"" đang được đông đảo độc giả săn đón và đánh giá cao.",Bìa Mềm,13 x 19 cm,432,Tái bản lần 2,81
273,49362715,Sách đọc tiếng Pháp: Clés pour la France,,,895117,1005750,11,0.0,0,,3.0,Hachette,Hachette,2020,9782011557360.0,192.0,Blue Horizon Books,12696.0,https://salt.tikicdn.com/cache/280x280/ts/product/a1/bc/21/e1dc1d5c498ade9fbcc743e150108940.jpg,4,"Giới thiệu đến bạn đọc cuốn ""Sách đọc tiếng Pháp: Clés pour la France"" đang được đông đảo độc giả săn đón và đánh giá cao.",Bìa Cứng,10 x 15 cm,235,Tái bản lần 10,47
276,278194500,Sách - Vietnam Documented: The British Library’s Vietnamese Collection by Sud Chonchirdsin-Explore Vietnam’s rich literary and graphic design history/Thế Giới Publishers,Many Authors,354893,450000,450000,0,0.0,0,,2.0,The Gioi Publisher,,2022,9784338537249,,Bookworm Hà Nội,26789.0,https://salt.tikicdn.com/cache/280x280/ts/product/ca/c6/78/98d3cd19a04129d871d15bc6414607f9.jpg,6,"Đừng bỏ lỡ cuốn sách ""Sách - Vietnam Documented: The British Library’s Vietnamese Collection by Sud Chonchirdsin-Explore Vietnam’s rich literary and graphic design history/Thế Giới Publishers"" được biên soạn kỹ lưỡng, phù hợp với mọi đối tượng độc giả.",Bìa Cứng,10 x 15 cm,395,Tái bản lần 1,83
275,480303,Sách 501 Great Places To Stay,,,369000,369000,0,0.0,0,,4.0,Hachette Book Group,Hachette Book Group,2014,9780753726969.0,,Foreignbooks,6337.0,https://salt.tikicdn.com/cache/280x280/media/catalog/product/9/7/9780753726969.jpg,2,"Tác phẩm nổi bật ""Sách 501 Great Places To Stay"" là sự lựa chọn hoàn hảo để bổ sung vào tủ sách của bạn.",Bìa Cứng,14.5 x 20.5 cm,881,Tái bản lần 10,89
14924,248760241,1001 Restaurants You Must Experience Before You Die,Jenny Linford,10108,531000,559000,5,0.0,0,,,Hachette,Hachette,2021,9781844037643.0,960.0,Xunhasaba Thế giới Sách Ngoại văn,1231.0,https://salt.tikicdn.com/cache/280x280/ts/product/e9/12/28/d84baf0eb9444cfded3f3a5c2e9bce25.jpg,2,"Khám phá ngay ấn phẩm ""1001 Restaurants You Must Experience Before You Die"" hứa hẹn mang lại những kiến thức bổ ích và phút giây thư giãn.",Bìa Mềm,14.5 x 20.5 cm,549,Tái bản lần 10,28
11021,272532933,A Brief History Of Time,Stephen Hawking,4161,356845,400950,11,0.0,0,,7.0,HarperCollins,,2021,9788553053415,,Blue Horizon Books,12696.0,https://salt.tikicdn.com/cache/280x280/ts/product/de/17/0b/6e0b298ee668a4ef8ca9d517af63f0d4.jpg,2,"Giới thiệu đến bạn đọc cuốn ""A Brief History Of Time"" đang được đông đảo độc giả săn đón và đánh giá cao.",Bìa Mềm,13 x 19 cm,1078,Tái bản lần 8,86
11021,272558482,"Pirate Enlightenment, or the Real Libertalia",David Graeber,4469169,796500,796500,0,0.0,0,,,Penguin Books Ltd,,2020,9784738611584,,Blue Horizon Books,12696.0,https://salt.tikicdn.com/cache/280x280/ts/product/83/76/8a/633f67bbaf3e3d35697914995966d9d9.jpeg,2,"Giới thiệu đến bạn đọc cuốn ""Pirate Enlightenment, or the Real Libertalia"" với nội dung cực kỳ hấp dẫn và hình thức trình bày đẹp mắt.",Bìa Mềm,10 x 15 cm,603,Tái bản lần 1,91
11021,278764688,Sách - Introducing Lévi-Strauss: A Graphic Guide by Boris Wiseman | Anthropology / Philosophy,Many Authors,354893,150000,150000,0,0.0,0,,,Independent Publishers Group,,2024,9781761110525,,Bookworm Hà Nội,26789.0,https://salt.tikicdn.com/cache/280x280/ts/product/89/69/e1/46c588078a882449015fc6c4b72f3137.png,6,"Khám phá ngay ấn phẩm ""Sách - Introducing Lévi-Strauss: A Graphic Guide by Boris Wiseman | Anthropology / Philosophy"" là sự lựa chọn hoàn hảo để bổ sung vào tủ sách của bạn.",Bìa Gập,14.5 x 20.5 cm,852,Tái bản lần 7,18
14924,278151307,"Sách ngoại văn: For God, Country, And Coca-Cola",Mark Pendergrast,303177,663400,684000,3,0.0,0,,,Hachette Book Group,Basic Books,2023,9781541606012.0,,Nhà sách Fahasa,53660.0,https://salt.tikicdn.com/cache/280x280/ts/product/46/ec/5f/f6aac120192756733994944c49e9000a.jpg,11,"Khám phá ngay ấn phẩm ""Sách ngoại văn: For God, Country, And Coca-Cola"" hứa hẹn mang lại những kiến thức bổ ích và phút giây thư giãn.",Bìa Gập,13 x 19 cm,984,Tái bản lần 1,68
14924,278719624,Sách - The Conspiracy Tourist: Travels Through a Strange World by Dom Joly | Travel Nonfiction,Many Authors,354893,280000,280000,0,0.0,0,,,Little Brown and Company,Little Brown and Company,2024,9781472146694.0,336.0,Bookworm Hà Nội,26789.0,https://salt.tikicdn.com/cache/280x280/ts/product/13/b0/e6/aeede55a32391f8711e22ea6991d51ea.png,6,"Siêu phẩm bán chạy ""Sách - The Conspiracy Tourist: Travels Through a Strange World by Dom Joly | Travel Nonfiction"" hứa hẹn mang lại những kiến thức bổ ích và phút giây thư giãn.",Bìa Gập,16 x 24 cm,1030,Tái bản lần 2,52
14924,278720576,Sách - Paperscapes: London: The book that transforms into a cityscape by Sandra Lawrence,Sandra Lawrence,8151041,580000,580000,0,0.0,0,,,Welbeck Publishing Group,Welbeck Publishing Group,2019,9780233005980.0,110.0,Bookworm Hà Nội,26789.0,https://salt.tikicdn.com/cache/280x280/ts/product/9d/8a/47/af675411d79b8c0ee3fae07c9a59befc.png,6,"Giới thiệu đến bạn đọc cuốn ""Sách - Paperscapes: London: The book that transforms into a cityscape by Sandra Lawrence"" hứa hẹn mang lại những kiến thức bổ ích và phút giây thư giãn.",Bìa Cứng,10 x 15 cm,1055,Tái bản lần 10,89
14924,278722694,Sách - Walking the Himalayas by Levison Wood: An Adventure of Survival and Endurance,Levison Wood,169165,350000,350000,0,0.0,0,,,Hodder & Stoughton,Hodder,2017,9781529373998.0,291.0,Bookworm Hà Nội,26789.0,https://salt.tikicdn.com/cache/280x280/ts/product/54/ac/86/a8b188a495e10e2c355153ff7758936a.png,6,"Giới thiệu đến bạn đọc cuốn ""Sách - Walking the Himalayas by Levison Wood: An Adventure of Survival and Endurance"" được biên soạn kỹ lưỡng, phù hợp với mọi đối tượng độc giả.",Boxset,14.5 x 20.5 cm,583,Tái bản lần 10,17
275,262306026,The New Rules of Coffee: A Modern Guide for Everyone,,,319000,319000,0,0.0,0,,4.0,Phương Nam Book,,2022,9788828279288,,Nhà Sách Phương Nam,229023.0,https://salt.tikicdn.com/cache/280x280/ts/product/61/04/12/64c7c9d0e7149feef06e456879d707b6.jpg,2,"Siêu phẩm bán chạy ""The New Rules of Coffee: A Modern Guide for Everyone"" hứa hẹn mang lại những kiến thức bổ ích và phút giây thư giãn.",Boxset,17 x 24 cm,220,Tái bản lần 3,84
276,278521885,Sách - Vietnam Tradition And Change by Hữu Ngọc - Vietnamese Cultural \ Tradional Book,Hữu Ngọc,25094,350000,350000,0,0.0,0,,3.0,NXB Thế Giới,,2020,9785836423220,,Bookworm Hà Nội,26789.0,https://salt.tikicdn.com/cache/280x280/ts/product/6f/19/03/e6df9c3204c530a0d0f5e0ed50ae1408.png,6,"Giới thiệu đến bạn đọc cuốn ""Sách - Vietnam Tradition And Change by Hữu Ngọc - Vietnamese Cultural \ Tradional Book"" được biên soạn kỹ lưỡng, phù hợp với mọi đối tượng độc giả.",Boxset,17 x 24 cm,523,Tái bản lần 10,25
276,278521943,Sách - Wandering Through Vietnamese Culture by Nguyễn Hữu Ngọc \ Vietnamese Cultural Book in English,Hữu Ngọc,25094,450000,450000,0,0.0,0,,,NXB Thế Giới,,2023,9788023586317,,Bookworm Hà Nội,26789.0,https://salt.tikicdn.com/cache/280x280/ts/product/d3/49/b8/43a803be23ba0b72ebfedac9cc291174.png,6,"Giới thiệu đến bạn đọc cuốn ""Sách - Wandering Through Vietnamese Culture by Nguyễn Hữu Ngọc \ Vietnamese Cultural Book in English"" được biên soạn kỹ lưỡng, phù hợp với mọi đối tượng độc giả.",Boxset,16 x 24 cm,390,Tái bản lần 1,23
276,278637580,Sách - Discovering the Identity of Vietnamese Culture by Trần Ngọc Thêm - Ngoại văn Văn hóa Việt Nam,Trần Ngọc Thêm,19611,480000,480000,0,0.0,0,,2.0,NXB Thế Giới,,2023,9781051548779,,Bookworm Hà Nội,26789.0,https://salt.tikicdn.com/cache/280x280/ts/product/cc/a8/81/17e573d6dc51e0830fc5e0f28e097b2a.png,6,"Tác phẩm nổi bật ""Sách - Discovering the Identity of Vietnamese Culture by Trần Ngọc Thêm - Ngoại văn Văn hóa Việt Nam"" được biên soạn kỹ lưỡng, phù hợp với mọi đối tượng độc giả.",Bìa Cứng,14.5 x 20.5 cm,615,Tái bản lần 10,84
273,278719754,Sách - Why the Dutch are Different by Ben Coates | A Guide to Travel in Holland - Book of the Year,Ben Coates,173381,350000,350000,0,0.0,0,,,John Murray General Publishing Division,,2025,9784264302166,,Bookworm Hà Nội,26789.0,https://salt.tikicdn.com/cache/280x280/ts/product/52/91/c2/21bbf2261adcb63b9cffe68e862f0ce1.png,6,"Khám phá ngay ấn phẩm ""Sách - Why the Dutch are Different by Ben Coates | A Guide to Travel in Holland - Book of the Year"" với nội dung cực kỳ hấp dẫn và hình thức trình bày đẹp mắt.",Bìa Gập,13 x 19 cm,590,Tái bản lần 10,39
68078,20651481,"Anti-Inflammatory Drinks for Health: 100 Smoothies, Shots, Teas, Broths, and Seltzers to Help Prevent Disease, Lose Weight, Increase Energy, Look Radiant, Reduce Pain, and More!",Daniel L. Flaherty,309169,368600,388000,5,0.0,0,,6.0,,Adams Media,2022,81507209585.0,160.0,Xunhasaba Thế giới Sách Ngoại văn,1231.0,https://salt.tikicdn.com/cache/280x280/ts/product/27/a0/e3/62e2afb8b1e8217e04156899f038f8c4.jpg,2,"Tác phẩm nổi bật ""Anti-Inflammatory Drinks for Health: 100 Smoothies, Shots, Teas, Broths, and Seltzers to Help Prevent Disease, Lose Weight, Increase Energy, Look Radiant, Reduce Pain, and More!"" với nội dung cực kỳ hấp dẫn và hình thức trình bày đẹp mắt.",Bìa Mềm,16 x 24 cm,760,Tái bản lần 4,17
68078,209389835,Probiotic Blends Smoothies and more,,,420000,420000,0,0.0,0,,1.0,ARTBook,,2024,9787823825507,,Artbook,305.0,https://salt.tikicdn.com/cache/280x280/ts/product/47/0d/b0/e95fc65060d35f7728788d055fcdf075.jpg,2,"Khám phá ngay ấn phẩm ""Probiotic Blends Smoothies and more"" là sự lựa chọn hoàn hảo để bổ sung vào tủ sách của bạn.",Bìa Cứng,13 x 19 cm,715,Tái bản lần 4,59
68078,212357946,Vegan Smoothies: Natural and Energising Drinks for All Tastes,,,420000,420000,0,0.0,0,,1.0,ARTBook,,2024,9782916693877,,Artbook,305.0,https://salt.tikicdn.com/cache/280x280/ts/product/0c/d1/04/7a69964f49430eaad466ec184e52027e.jpg,2,"Tác phẩm nổi bật ""Vegan Smoothies: Natural and Energising Drinks for All Tastes"" đang được đông đảo độc giả săn đón và đánh giá cao.",Bìa Mềm,10 x 15 cm,365,Tái bản lần 9,83
68078,253627655,JUICES SMOOTHIES AND SHAKES,,,67400,71000,5,0.0,0,,1.0,Hachette,,2023,9785387114988,,Xunhasaba Thế giới Sách Ngoại văn,1231.0,https://salt.tikicdn.com/cache/280x280/ts/product/32/d7/ca/eff35e40d58a9d9e2397a55e5e958e1c.jpg,2,"Đừng bỏ lỡ cuốn sách ""JUICES SMOOTHIES AND SHAKES"" đang được đông đảo độc giả săn đón và đánh giá cao.",Boxset,17 x 24 cm,1138,Tái bản lần 6,78
68078,253627728,COCKTAILS & PARTY DRINKS,,,67400,71000,5,0.0,0,,2.0,Hachette,,2020,9782396033854,,Xunhasaba Thế giới Sách Ngoại văn,1231.0,https://salt.tikicdn.com/cache/280x280/ts/product/a7/fd/7f/c30e685436b2696927dce575a4118178.jpg,2,"Tác phẩm nổi bật ""COCKTAILS & PARTY DRINKS"" được biên soạn kỹ lưỡng, phù hợp với mọi đối tượng độc giả.",Bìa Mềm,16 x 24 cm,1064,Tái bản lần 9,69
68078,253630830,STEP BY STEP JAPANESE AND KOREAN COOKING,,,67400,71000,5,0.0,0,,4.0,Hachette,,2023,9789746436625,,Xunhasaba Thế giới Sách Ngoại văn,1231.0,https://salt.tikicdn.com/cache/280x280/ts/product/ff/16/ef/48440409b920452375f48b92f8399665.jpg,2,"Đừng bỏ lỡ cuốn sách ""STEP BY STEP JAPANESE AND KOREAN COOKING"" với nội dung cực kỳ hấp dẫn và hình thức trình bày đẹp mắt.",Boxset,16 x 24 cm,530,Tái bản lần 10,54
68078,278102534,Sách - Wine Science: The Application of Science in Winemaking by Jamie Goode - Wine / Science,Many Authors,354893,580000,580000,0,0.0,0,,,Octopus Books,,2025,9786219526645,,Bookworm Hà Nội,26789.0,https://salt.tikicdn.com/cache/280x280/ts/product/37/c1/7e/47573892175ce7ef264c204536b9405f.jpg,6,"Đừng bỏ lỡ cuốn sách ""Sách - Wine Science: The Application of Science in Winemaking by Jamie Goode - Wine / Science"" đang được đông đảo độc giả săn đón và đánh giá cao.",Bìa Mềm,16 x 24 cm,1033,Tái bản lần 6,20
68078,278724370,Sách - World's Best Drinks (Lonely Planet) | Cookbooks / Travel / Food & Drink / Ngoại văn,Lonely Planet Food,305221,280000,280000,0,0.0,0,,,Lonely Planet,,2022,9785873891049,,Bookworm Hà Nội,26789.0,https://salt.tikicdn.com/cache/280x280/ts/product/27/63/d3/beb1494aa1ee5f17c360b6a1b611e12e.png,6,"Đừng bỏ lỡ cuốn sách ""Sách - World's Best Drinks (Lonely Planet) | Cookbooks / Travel / Food & Drink / Ngoại văn"" với nội dung cực kỳ hấp dẫn và hình thức trình bày đẹp mắt.",Bìa Mềm,13 x 19 cm,1131,Tái bản lần 5,60
14862,278109103,Sách - Vegetarian Cooking by Collectif - Enjoying Fresh Ingredients,Collectif,428897,280000,280000,0,0.0,0,,,"Little, Brown & Company",,2021,9781941523548,,Bookworm Hà Nội,26789.0,https://salt.tikicdn.com/cache/280x280/ts/product/d9/3f/41/f62bf2af26b9df473e0a42f7b9482bc5.jpg,6,"Khám phá ngay ấn phẩm ""Sách - Vegetarian Cooking by Collectif - Enjoying Fresh Ingredients"" được biên soạn kỹ lưỡng, phù hợp với mọi đối tượng độc giả.",Bìa Mềm,14.5 x 20.5 cm,799,Tái bản lần 3,37
14862,278110271,"Sách - How To Go Vegan: The why, the how, and everything you need to make going vegan easy by Evanna Lynch",Many Authors,354893,280000,280000,0,0.0,0,,,Hodder & Stoughton,,2021,9785441063927,,Bookworm Hà Nội,26789.0,https://salt.tikicdn.com/cache/280x280/ts/product/ea/6b/2d/97d2277413206a4ad21549e6c82d1164.jpg,7,"Siêu phẩm bán chạy ""Sách - How To Go Vegan: The why, the how, and everything you need to make going vegan easy by Evanna Lynch"" là sự lựa chọn hoàn hảo để bổ sung vào tủ sách của bạn.",Bìa Mềm,17 x 24 cm,247,Tái bản lần 10,86
14860,58711334,"Supernatural: The Official Cookbook: Burgers, Pies And Other (Science Fiction Fantasy)","Julie Tremaine,  Jessica Torres","866543, 866545",551900,484000,0,5.0,2,,,,,2024,9789773949260,,,,https://salt.tikicdn.com/cache/280x280/ts/product/5f/9d/86/8421cbd08eae29787fc1651e718c5779.jpg,2,"Giới thiệu đến bạn đọc cuốn ""Supernatural: The Official Cookbook: Burgers, Pies And Other (Science Fiction Fantasy)"" là sự lựa chọn hoàn hảo để bổ sung vào tủ sách của bạn.",Bìa Mềm,14.5 x 20.5 cm,471,Tái bản lần 2,62
14860,137149125,Focus : The Hidden Driver of Excellence,,,189000,199000,5,5.0,1,,10.0,Harper,Harper,2020,9780062344434.0,320.0,Xunhasaba Thế giới Sách Ngoại văn,1231.0,https://salt.tikicdn.com/cache/280x280/ts/product/1f/ff/fe/b906778293c9064cc8069e189e79800c.jpg,2,"Đừng bỏ lỡ cuốn sách ""Focus : The Hidden Driver of Excellence"" được biên soạn kỹ lưỡng, phù hợp với mọi đối tượng độc giả.",Bìa Gập,14.5 x 20.5 cm,336,Tái bản lần 7,71
14860,212356732,Ice Cream: Frozen Favorites for all Tastes,,,420000,420000,0,0.0,0,,6.0,ARTBook,,2023,9789886571614,,Artbook,305.0,https://salt.tikicdn.com/cache/280x280/ts/product/a4/6c/8a/7fc07e6bb87455ec6e8b864a59ec41b2.jpg,2,"Tác phẩm nổi bật ""Ice Cream: Frozen Favorites for all Tastes"" được biên soạn kỹ lưỡng, phù hợp với mọi đối tượng độc giả.",Bìa Cứng,14.5 x 20.5 cm,252,Tái bản lần 8,83
14860,253627510,DELICIOUS CAKES AND PUDDINGS,,,67400,71000,5,0.0,0,,1.0,Hachette,,2021,9788316939153,,Xunhasaba Thế giới Sách Ngoại văn,1231.0,https://salt.tikicdn.com/cache/280x280/ts/product/79/30/92/9a90f242b2a64243db4fe650fc1fd21f.jpg,2,"Đừng bỏ lỡ cuốn sách ""DELICIOUS CAKES AND PUDDINGS"" hứa hẹn mang lại những kiến thức bổ ích và phút giây thư giãn.",Boxset,10 x 15 cm,472,Tái bản lần 2,96
14860,253628702,QUICK & EASY JAPANESE RECIPE,,,67400,71000,5,0.0,0,,5.0,Hachette,,2023,9789188426859,,Xunhasaba Thế giới Sách Ngoại văn,1231.0,https://salt.tikicdn.com/cache/280x280/ts/product/42/9d/44/45c2974438699bd8c3c659c4b01c640f.jpg,2,"Đừng bỏ lỡ cuốn sách ""QUICK & EASY JAPANESE RECIPE"" đang được đông đảo độc giả săn đón và đánh giá cao.",Boxset,17 x 24 cm,681,Tái bản lần 10,46
14860,253628792,QUICK & EASY SUSHI AND SASHIMI,,,67400,71000,5,0.0,0,,,Hachette,,2020,9785074869670,,Xunhasaba Thế giới Sách Ngoại văn,1231.0,https://salt.tikicdn.com/cache/280x280/ts/product/16/bf/86/719a2e1ba5090f771ee520bb427021fc.jpg,2,"Đừng bỏ lỡ cuốn sách ""QUICK & EASY SUSHI AND SASHIMI"" được biên soạn kỹ lưỡng, phù hợp với mọi đối tượng độc giả.",Bìa Mềm,17 x 24 cm,818,Tái bản lần 3,79
14860,253628908,SAMBALS DIPS AND MARINADES,,,67400,71000,5,0.0,0,,1.0,Hachette,,2023,9786788223471,,Xunhasaba Thế giới Sách Ngoại văn,1231.0,https://salt.tikicdn.com/cache/280x280/ts/product/f5/d2/67/f3479a069a4898ffde59177a748a3a8e.jpg,2,"Khám phá ngay ấn phẩm ""SAMBALS DIPS AND MARINADES"" với nội dung cực kỳ hấp dẫn và hình thức trình bày đẹp mắt.",Bìa Gập,13 x 19 cm,361,Tái bản lần 3,88
14860,253629173,HOMESTYLE JAPANESE COOKING,,,67400,67400,0,0.0,0,,,,,2021,9786590286740,,,,https://salt.tikicdn.com/cache/280x280/ts/product/f5/f3/05/d68f859d5a4a6838b9070487b5499ee9.jpg,2,"Tác phẩm nổi bật ""HOMESTYLE JAPANESE COOKING"" là sự lựa chọn hoàn hảo để bổ sung vào tủ sách của bạn.",Bìa Cứng,17 x 24 cm,921,Tái bản lần 4,12
14860,253629218,JAPANESE FAVORITES,,,67400,71000,5,0.0,0,,2.0,Hachette,,2020,9788463494935,,Xunhasaba Thế giới Sách Ngoại văn,1231.0,https://salt.tikicdn.com/cache/280x280/ts/product/28/d7/c2/6c4257f97eacb467c884f683a5c2c702.jpg,2,"Đừng bỏ lỡ cuốn sách ""JAPANESE FAVORITES"" được biên soạn kỹ lưỡng, phù hợp với mọi đối tượng độc giả.",Bìa Gập,17 x 24 cm,457,Tái bản lần 1,64
14860,253629413,SIMPLY DELICIOUS SLICES,,,67400,71000,5,0.0,0,,1.0,Hachette,,2023,9788473995039,,Xunhasaba Thế giới Sách Ngoại văn,1231.0,https://salt.tikicdn.com/cache/280x280/ts/product/13/fe/8f/a03987134a458354f079f663e25bfb17.jpg,2,"Giới thiệu đến bạn đọc cuốn ""SIMPLY DELICIOUS SLICES"" hứa hẹn mang lại những kiến thức bổ ích và phút giây thư giãn.",Bìa Mềm,13 x 19 cm,1197,Tái bản lần 8,91
14860,253629569,KOREAN FAVORITES,,,67400,71000,5,0.0,0,,7.0,Hachette,,2025,9781348350666,,Xunhasaba Thế giới Sách Ngoại văn,1231.0,https://salt.tikicdn.com/cache/280x280/ts/product/6e/3c/50/0fd0524b2fdb2c60e6a20c9262a87971.jpg,2,"Khám phá ngay ấn phẩm ""KOREAN FAVORITES"" được biên soạn kỹ lưỡng, phù hợp với mọi đối tượng độc giả.",Bìa Mềm,13 x 19 cm,324,Tái bản lần 3,53
14860,253629872,BEST EVER CHOCOLATE CAKES & SLICES,,,67400,71000,5,0.0,0,,,Hachette,,2021,9782387429930,,Xunhasaba Thế giới Sách Ngoại văn,1231.0,https://salt.tikicdn.com/cache/280x280/ts/product/34/aa/32/0e5ee43c74a331824c33dfe9b8e11195.jpg,2,"Khám phá ngay ấn phẩm ""BEST EVER CHOCOLATE CAKES & SLICES"" hứa hẹn mang lại những kiến thức bổ ích và phút giây thư giãn.",Bìa Gập,13 x 19 cm,393,Tái bản lần 10,76
14860,253629928,ASIAN RICE,,,67400,71000,5,0.0,0,,2.0,Hachette,,2024,9781279885855,,Xunhasaba Thế giới Sách Ngoại văn,1231.0,https://salt.tikicdn.com/cache/280x280/ts/product/9b/ae/48/71d3c71be1572c32b31427c8a417624a.jpg,2,"Đừng bỏ lỡ cuốn sách ""ASIAN RICE"" đang được đông đảo độc giả săn đón và đánh giá cao.",Boxset,14.5 x 20.5 cm,272,Tái bản lần 1,54
14860,253629966,FABULOUS FINGER FOOD,,,67400,71000,5,0.0,0,,1.0,Hachette,,2024,9783844625332,,Xunhasaba Thế giới Sách Ngoại văn,1231.0,https://salt.tikicdn.com/cache/280x280/ts/product/bc/94/f0/dbd4c6d36355f1c7f452732ed820144f.jpg,2,"Đừng bỏ lỡ cuốn sách ""FABULOUS FINGER FOOD"" được biên soạn kỹ lưỡng, phù hợp với mọi đối tượng độc giả.",Bìa Gập,16 x 24 cm,389,Tái bản lần 10,74
14860,253630410,CLASSIC ESSENTIAL POTATOES,,,67400,71000,5,0.0,0,,1.0,Hachette,,2024,9781141888334,,Xunhasaba Thế giới Sách Ngoại văn,1231.0,https://salt.tikicdn.com/cache/280x280/ts/product/f7/e6/93/1fc8335c8d8ba03248d1ff2ded77ca32.jpg,2,"Giới thiệu đến bạn đọc cuốn ""CLASSIC ESSENTIAL POTATOES"" là sự lựa chọn hoàn hảo để bổ sung vào tủ sách của bạn.",Boxset,16 x 24 cm,531,Tái bản lần 8,81
14860,253631140,BRILLIANT BURGERS,,,67400,71000,5,0.0,0,,1.0,Hachette,,2020,9785132946547,,Xunhasaba Thế giới Sách Ngoại văn,1231.0,https://salt.tikicdn.com/cache/280x280/ts/product/8e/e3/f7/94601aafa9e4efcf1f5e9a11e9c283e7.jpg,2,"Giới thiệu đến bạn đọc cuốn ""BRILLIANT BURGERS"" với nội dung cực kỳ hấp dẫn và hình thức trình bày đẹp mắt.",Bìa Cứng,10 x 15 cm,446,Tái bản lần 9,89
14860,253631180,CLASSIC ESSENTIAL SEAFOOD,,,67400,71000,5,0.0,0,,1.0,Hachette,,2022,9788426372331,,Xunhasaba Thế giới Sách Ngoại văn,1231.0,https://salt.tikicdn.com/cache/280x280/ts/product/68/21/22/056326313745ad200d8787f52297a353.jpg,2,"Siêu phẩm bán chạy ""CLASSIC ESSENTIAL SEAFOOD"" hứa hẹn mang lại những kiến thức bổ ích và phút giây thư giãn.",Bìa Gập,13 x 19 cm,214,Tái bản lần 10,46
14860,253631264,DELICIOUS ASIAN SEAFOOD RECIPE,,,67400,67400,0,0.0,0,,,,,2021,9784823634581,,,,https://salt.tikicdn.com/cache/280x280/ts/product/df/59/78/ef0de91f85941cdeac05337129e74eac.jpg,2,"Giới thiệu đến bạn đọc cuốn ""DELICIOUS ASIAN SEAFOOD RECIPE"" được biên soạn kỹ lưỡng, phù hợp với mọi đối tượng độc giả.",Bìa Gập,16 x 24 cm,1002,Tái bản lần 10,82
14860,274287330,Sách Baking Yesteryear: The Best Recipes from the 1900s to the 1980s,B. Dylan Hollis,8230186,360000,800000,55,0.0,0,,2.0,Penguin,,2025,9785389800420,,Tiki Trading,1.0,https://salt.tikicdn.com/cache/280x280/ts/product/eb/41/a5/73e3a15892b59e523d3491d592aea670.jpg,3,"Tác phẩm nổi bật ""Sách Baking Yesteryear: The Best Recipes from the 1900s to the 1980s"" đang được đông đảo độc giả săn đón và đánh giá cao.",Bìa Mềm,17 x 24 cm,321,Tái bản lần 8,18
14860,278724540,"Sách - Simply Vegan Baking Taking the Fuss Out of Vegan Cakes, Cookies, Breads, and Desserts by Freya Cox",Many Authors,354893,580000,580000,0,0.0,0,,,Harper Design,,2020,9786433266417,,Bookworm Hà Nội,26789.0,https://salt.tikicdn.com/cache/280x280/ts/product/50/7c/3e/28d93cf2849d64943b8024519e939be1.png,6,"Khám phá ngay ấn phẩm ""Sách - Simply Vegan Baking Taking the Fuss Out of Vegan Cakes, Cookies, Breads, and Desserts by Freya Cox"" hứa hẹn mang lại những kiến thức bổ ích và phút giây thư giãn.",Bìa Gập,13 x 19 cm,565,Tái bản lần 4,79
14860,278739510,Sách - Baking Cookies & Biscuits by Catherine Atkinson - Dạy nấu ăn tiếng Anh/Cookbook in English,Catherine Atkinson,162969,380000,380000,0,0.0,0,,,Anness Publishing,,2020,9785890761223,,Bookworm Hà Nội,26789.0,https://salt.tikicdn.com/cache/280x280/ts/product/e1/00/e1/3a9164f50ba35a84bffefc4ccc870854.jpg,6,"Tác phẩm nổi bật ""Sách - Baking Cookies & Biscuits by Catherine Atkinson - Dạy nấu ăn tiếng Anh/Cookbook in English"" với nội dung cực kỳ hấp dẫn và hình thức trình bày đẹp mắt.",Boxset,14.5 x 20.5 cm,991,Tái bản lần 3,77
163,2395129,Sách Vitamins & Minerals,Sara Rose,185137,147200,155000,5,5.0,3,,47.0,Hachette Book Group,Hachette Book Group,2022,9780753730690.0,144.0,Xunhasaba Thế giới Sách Ngoại văn,1231.0,https://salt.tikicdn.com/cache/280x280/ts/product/14/68/1e/c2cc399f6f638a871ebc565b94312329.jpg,2,"Giới thiệu đến bạn đọc cuốn ""Sách Vitamins & Minerals"" đang được đông đảo độc giả săn đón và đánh giá cao.",Bìa Gập,16 x 24 cm,1033,Tái bản lần 10,61
163,99362323,Japan!: Japanese Cuisine for Beginners,,,420000,420000,0,0.0,0,,3.0,ARTBook,Ullmann Publishing,2024,9783848007547.0,,Artbook,305.0,https://salt.tikicdn.com/cache/280x280/ts/product/81/0c/0a/47222d96320ab46b394d2d3c76e334b5.jpg,2,"Khám phá ngay ấn phẩm ""Japan!: Japanese Cuisine for Beginners"" được biên soạn kỹ lưỡng, phù hợp với mọi đối tượng độc giả.",Bìa Cứng,10 x 15 cm,466,Tái bản lần 3,12
163,118522722,"The Engine 2 Cookbook: More Than 130 Lip-Smacking, Rib-Sticking, Body-Slimming Recipes To Live Plant-Strong","Rip Esselstyn,  Jane Esselstyn","5145399, 5145401",358900,308000,0,0.0,0,,,,,2021,9788558947142,,,,https://salt.tikicdn.com/cache/280x280/ts/product/bc/2c/59/26eb7dd13d8089ad23f54a88d74e8482.jpg,2,"Đừng bỏ lỡ cuốn sách ""The Engine 2 Cookbook: More Than 130 Lip-Smacking, Rib-Sticking, Body-Slimming Recipes To Live Plant-Strong"" với nội dung cực kỳ hấp dẫn và hình thức trình bày đẹp mắt.",Boxset,17 x 24 cm,319,Tái bản lần 6,84
163,144872191,Global Spices for Everyday Cooking,,,480000,480000,0,0.0,0,,3.0,ARTBook,,2023,9782700481431,,Artbook,305.0,https://salt.tikicdn.com/cache/280x280/ts/product/aa/88/b8/7fb3dbe7c2c4b0dbbc16cd1e082b8e95.jpg,3,"Đừng bỏ lỡ cuốn sách ""Global Spices for Everyday Cooking"" là sự lựa chọn hoàn hảo để bổ sung vào tủ sách của bạn.",Bìa Cứng,10 x 15 cm,765,Tái bản lần 6,99
163,206248780,The Science Of Spice: Understand Flavor Connections And Revolutionize Your Cooking,,,750700,774000,3,0.0,0,,11.0,Penguin Books,,2022,9783999553344,,Nhà sách Fahasa,53660.0,https://salt.tikicdn.com/cache/280x280/ts/product/b2/a6/53/d0ebd1b1535f9687b82716a8bea5a82d.jpg,9,"Giới thiệu đến bạn đọc cuốn ""The Science Of Spice: Understand Flavor Connections And Revolutionize Your Cooking"" được biên soạn kỹ lưỡng, phù hợp với mọi đối tượng độc giả.",Bìa Mềm,14.5 x 20.5 cm,1031,Tái bản lần 8,73
163,209399123,Good Morning: Gourmet Breakfast Recipes,,,370000,370000,0,0.0,0,,8.0,ARTBook,,2020,9788780632397,,Artbook,305.0,https://salt.tikicdn.com/cache/280x280/ts/product/ba/80/c9/552958351c363b543af784aecafd7424.jpg,2,"Tác phẩm nổi bật ""Good Morning: Gourmet Breakfast Recipes"" đang được đông đảo độc giả săn đón và đánh giá cao.",Bìa Mềm,16 x 24 cm,1162,Tái bản lần 6,17
163,209399354,Fish and More: Fish and Seafood to Grill and Cook,,,420000,420000,0,0.0,0,,3.0,ARTBook,,2025,9787218178031,,Artbook,305.0,https://salt.tikicdn.com/cache/280x280/ts/product/64/8b/03/43622967026a0178a4b2c700a772fe57.jpg,2,"Đừng bỏ lỡ cuốn sách ""Fish and More: Fish and Seafood to Grill and Cook"" với nội dung cực kỳ hấp dẫn và hình thức trình bày đẹp mắt.",Bìa Cứng,10 x 15 cm,728,Tái bản lần 8,94
163,249576539,Vietnamese Modern and Traditional Vietnamese Cuisine,,,290000,290000,0,0.0,0,,8.0,ARTBook,,2025,9785628715482,,Artbook,305.0,https://salt.tikicdn.com/cache/280x280/ts/product/3d/dd/10/19ffaecae89a74d9398479d8f1e7f46e.jpg,2,"Đừng bỏ lỡ cuốn sách ""Vietnamese Modern and Traditional Vietnamese Cuisine"" được biên soạn kỹ lưỡng, phù hợp với mọi đối tượng độc giả.",Bìa Cứng,14.5 x 20.5 cm,974,Tái bản lần 3,94
163,253628375,THAI CAKES AND DESSERTS,,,67400,71000,5,0.0,0,,5.0,Hachette,,2022,9788776008801,,Xunhasaba Thế giới Sách Ngoại văn,1231.0,https://salt.tikicdn.com/cache/280x280/ts/product/4d/83/4e/bddd881e3c9fb7ff5e306f5457c20477.jpg,2,"Tác phẩm nổi bật ""THAI CAKES AND DESSERTS"" hứa hẹn mang lại những kiến thức bổ ích và phút giây thư giãn.",Bìa Cứng,13 x 19 cm,801,Tái bản lần 2,66
163,212357926,Winter Smoothies,,,420000,420000,0,0.0,0,,1.0,ARTBook,,2021,9785529413928,,Artbook,305.0,https://salt.tikicdn.com/cache/280x280/ts/product/26/ee/b7/52815bfb02c43201749c0e22282d94fe.jpg,2,"Đừng bỏ lỡ cuốn sách ""Winter Smoothies"" là sự lựa chọn hoàn hảo để bổ sung vào tủ sách của bạn.",Bìa Gập,16 x 24 cm,397,Tái bản lần 4,12
163,253630014,TEMPTING CHICKEN COOKBOOK,,,67400,71000,5,0.0,0,,3.0,Hachette,,2020,9789753909415,,Xunhasaba Thế giới Sách Ngoại văn,1231.0,https://salt.tikicdn.com/cache/280x280/ts/product/17/f1/fd/19ba54120a8eda07880dd970ee96e4f7.jpg,2,"Tác phẩm nổi bật ""TEMPTING CHICKEN COOKBOOK"" hứa hẹn mang lại những kiến thức bổ ích và phút giây thư giãn.",Bìa Mềm,14.5 x 20.5 cm,1092,Tái bản lần 7,70
163,253631471,CLASSIC ESSENTIAL CAKES,,,67400,71000,5,0.0,0,,2.0,Hachette,,2021,9781767378230,,Xunhasaba Thế giới Sách Ngoại văn,1231.0,https://salt.tikicdn.com/cache/280x280/ts/product/fc/0a/2e/6fabc8eab4249d118d0d721d47be1d3c.jpg,2,"Khám phá ngay ấn phẩm ""CLASSIC ESSENTIAL CAKES"" là sự lựa chọn hoàn hảo để bổ sung vào tủ sách của bạn.",Bìa Cứng,10 x 15 cm,1188,Tái bản lần 2,64
163,274287377,"Sách Danny Loves Pasta: 75+ fun and colorful pasta shapes, patterns, sauces, and more",Danny Freeman,8230210,331000,750000,56,0.0,0,,2.0,Penguin,,2021,9789074968651,,Tiki Trading,1.0,https://salt.tikicdn.com/cache/280x280/ts/product/3e/ed/4c/13548b58d8318bf993d0ec08a9da1206.jpg,3,"Đừng bỏ lỡ cuốn sách ""Sách Danny Loves Pasta: 75+ fun and colorful pasta shapes, patterns, sauces, and more"" là sự lựa chọn hoàn hảo để bổ sung vào tủ sách của bạn.",Bìa Gập,14.5 x 20.5 cm,1081,Tái bản lần 3,42
163,275875239,Party-perfect Bites," 
堀越 耕平",4808961,319000,319000,0,0.0,0,,1.0,,,2023,9787155675463,,Nhà Sách Phương Nam,229023.0,https://salt.tikicdn.com/cache/280x280/ts/product/95/fc/64/ced034a6fea18744b9078883bd2180be.jpg,2,"Đừng bỏ lỡ cuốn sách ""Party-perfect Bites"" hứa hẹn mang lại những kiến thức bổ ích và phút giây thư giãn.",Bìa Cứng,17 x 24 cm,653,Tái bản lần 7,96
163,277890811,Sách - Egg: A Culinary Exploration of the World's Most Versatile Ingredient by Michael Ruhlman,Michael Ruhlman,188459,580000,580000,0,0.0,0,,,"Little, Brown and Company",,2020,9784193603612,,Bookworm Hà Nội,26789.0,https://salt.tikicdn.com/cache/280x280/ts/product/91/f1/7f/eaf7a70ffc4290f9e70e96b64e9727d3.jpg,6,"Siêu phẩm bán chạy ""Sách - Egg: A Culinary Exploration of the World's Most Versatile Ingredient by Michael Ruhlman"" được biên soạn kỹ lưỡng, phù hợp với mọi đối tượng độc giả.",Boxset,10 x 15 cm,401,Tái bản lần 2,69
163,278029299,Sách - Vietnamese Street Food by Tracey Lister - Cookbooks/ Cooking / Food in English,"Tracey Lister, Tracey Lister, Andreas Pohl","278495, 440819",780000,780000,0,0.0,0,,,Hardie Grant,,2022,9782500946346,,Bookworm Hà Nội,26789.0,https://salt.tikicdn.com/cache/280x280/ts/product/3c/d8/0f/30e16bccfe0a51043d6f3bdf316ef981.jpg,4,"Khám phá ngay ấn phẩm ""Sách - Vietnamese Street Food by Tracey Lister - Cookbooks/ Cooking / Food in English"" với nội dung cực kỳ hấp dẫn và hình thức trình bày đẹp mắt.",Bìa Gập,14.5 x 20.5 cm,204,Tái bản lần 4,64
163,278102444,"Sách - A Year Full of Recipes: 365 Recipes, One for Every Day of the Year Plus 1 for a Leap Year",Parragon Books,51752,680000,680000,0,0.0,0,,,Parragon Books,,2025,9788799725826,,Bookworm Hà Nội,26789.0,https://salt.tikicdn.com/cache/280x280/ts/product/5c/f7/80/4663e52e2a27cd91b188ce275a703127.jpg,7,"Khám phá ngay ấn phẩm ""Sách - A Year Full of Recipes: 365 Recipes, One for Every Day of the Year Plus 1 for a Leap Year"" hứa hẹn mang lại những kiến thức bổ ích và phút giây thư giãn.",Bìa Cứng,16 x 24 cm,671,Tái bản lần 8,30
163,278532078,Sách - Homestyle Vietnamese Cooking by Nongkran Daks - Periplus Mini Cookbooks,Many Authors,354893,120000,120000,0,0.0,0,,,NXB Thế Giới,,2025,9784426063829,,Bookworm Hà Nội,26789.0,https://salt.tikicdn.com/cache/280x280/ts/product/09/db/ce/ababa751a2c5497a95dafca3f949f4f2.jpeg,6,"Khám phá ngay ấn phẩm ""Sách - Homestyle Vietnamese Cooking by Nongkran Daks - Periplus Mini Cookbooks"" hứa hẹn mang lại những kiến thức bổ ích và phút giây thư giãn.",Bìa Mềm,13 x 19 cm,513,Tái bản lần 6,36
163,278722671,Sách - Food and Cooking of the Mediterranean: Italy - Greece - Spain - France by Pepita Aris,Many Authors,354893,680000,680000,0,0.0,0,,,Anness Publishing,,2022,9782225730676,,Bookworm Hà Nội,26789.0,https://salt.tikicdn.com/cache/280x280/ts/product/9a/da/a7/b1f30ef03c2086f4700c846d69ca5e6c.png,6,"Khám phá ngay ấn phẩm ""Sách - Food and Cooking of the Mediterranean: Italy - Greece - Spain - France by Pepita Aris"" là sự lựa chọn hoàn hảo để bổ sung vào tủ sách của bạn.",Boxset,17 x 24 cm,682,Tái bản lần 10,49
163,278813301,"Sách - Japanese Cooking: The Traditions, Techniques, Ingredients & Recipes - Emi Kazuko - Bìa cứng",Many Authors,354893,580000,580000,0,0.0,0,,,Independent Publishers Group,,2021,9784284240363,,Bookworm Hà Nội,26789.0,https://salt.tikicdn.com/cache/280x280/ts/product/19/a8/77/58da4875985b943104d56ea4d3368afe.png,6,"Khám phá ngay ấn phẩm ""Sách - Japanese Cooking: The Traditions, Techniques, Ingredients & Recipes - Emi Kazuko - Bìa cứng"" là sự lựa chọn hoàn hảo để bổ sung vào tủ sách của bạn.",Bìa Cứng,14.5 x 20.5 cm,989,Tái bản lần 4,57
163,278813458,Sách - A Taste of Scandinavia by Anna Mosesson - Cookbooks in English - Ngoại Văn Bìa Cứng,Many Authors,354893,580000,580000,0,0.0,0,,,Independent Publishers Group,,2024,9783593964055,,Bookworm Hà Nội,26789.0,https://salt.tikicdn.com/cache/280x280/ts/product/4f/2d/09/5f480f15f7c1e6f71c874b73d3baa682.png,6,"Giới thiệu đến bạn đọc cuốn ""Sách - A Taste of Scandinavia by Anna Mosesson - Cookbooks in English - Ngoại Văn Bìa Cứng"" là sự lựa chọn hoàn hảo để bổ sung vào tủ sách của bạn.",Boxset,10 x 15 cm,748,Tái bản lần 7,70
163,278813477,"Sách - Cook, Eat, Run: Cook Fast, Boost Performance with Over 75 Ultimate Recipes by Charlie Watson",Many Authors,354893,480000,480000,0,0.0,0,,,Quadrille Publishing Ltd,,2025,9783659351821,,Bookworm Hà Nội,26789.0,https://salt.tikicdn.com/cache/280x280/ts/product/29/db/16/936d0026a474cb0802557cd8729f4a48.png,6,"Siêu phẩm bán chạy ""Sách - Cook, Eat, Run: Cook Fast, Boost Performance with Over 75 Ultimate Recipes by Charlie Watson"" hứa hẹn mang lại những kiến thức bổ ích và phút giây thư giãn.",Boxset,17 x 24 cm,508,Tái bản lần 3,25
159,213913593,Green Juices for Beginners: A One-Stop Guide to Cleansing Your Body,,,420000,420000,0,0.0,0,,,ARTBook,,2023,9784720351106,,Artbook,305.0,https://salt.tikicdn.com/cache/280x280/ts/product/f6/e7/e1/c7d6f654bee5609cb025b1ca11c8c332.jpg,2,"Siêu phẩm bán chạy ""Green Juices for Beginners: A One-Stop Guide to Cleansing Your Body"" là sự lựa chọn hoàn hảo để bổ sung vào tủ sách của bạn.",Bìa Gập,13 x 19 cm,492,Tái bản lần 9,15
159,275874697,The Curious Barista's Guide To Coffee,Tristan Stephenson,187895,559000,559000,0,0.0,0,,,,,2024,9784743069686,,Nhà Sách Phương Nam,229023.0,https://salt.tikicdn.com/cache/280x280/ts/product/99/e1/c0/475dc9c9fc1f392d2d5af522f0473cf4.jpg,2,"Khám phá ngay ấn phẩm ""The Curious Barista's Guide To Coffee"" là sự lựa chọn hoàn hảo để bổ sung vào tủ sách của bạn.",Bìa Cứng,16 x 24 cm,224,Tái bản lần 4,89
159,277739597,"Sách - Whisk(e)y History, Manufacture, And Enjoyment by Orjan Westerlund ",Many Authors,354893,380000,380000,0,0.0,0,,1.0,Cornelsen Verlag GmbH & Co,,2024,9788022958276,,Bookworm Hà Nội,26789.0,https://salt.tikicdn.com/cache/280x280/ts/product/cb/24/fc/56fc85066f53001e131b2c14f09802ee.png,4,"Tác phẩm nổi bật ""Sách - Whisk(e)y History, Manufacture, And Enjoyment by Orjan Westerlund "" là sự lựa chọn hoàn hảo để bổ sung vào tủ sách của bạn.",Bìa Gập,10 x 15 cm,275,Tái bản lần 2,67
159,278110198,Sách - 150-Calorie Cocktails: All-Natural Drinks and Snacks: A Recipe Book by Stephanie Banyas,Many Authors,354893,280000,280000,0,0.0,0,,,Crown Publishing Group,,2022,9787786840530,,Bookworm Hà Nội,26789.0,https://salt.tikicdn.com/cache/280x280/ts/product/f9/ac/41/814b69c761eeb19d66d7feff6bc5ba17.jpg,7,"Siêu phẩm bán chạy ""Sách - 150-Calorie Cocktails: All-Natural Drinks and Snacks: A Recipe Book by Stephanie Banyas"" với nội dung cực kỳ hấp dẫn và hình thức trình bày đẹp mắt.",Boxset,16 x 24 cm,476,Tái bản lần 9,37
159,278713721,Sách - The Classic Cocktail Bible by William Reavell | Food and Drink Cookbook Recipe English,Many Authors,354893,280000,280000,0,0.0,0,,,Hamlyn,,2020,9785048619723,,Bookworm Hà Nội,26789.0,https://salt.tikicdn.com/cache/280x280/ts/product/20/ee/10/256c511f16f468dee2b69a47f4007257.png,6,"Đừng bỏ lỡ cuốn sách ""Sách - The Classic Cocktail Bible by William Reavell | Food and Drink Cookbook Recipe English"" là sự lựa chọn hoàn hảo để bổ sung vào tủ sách của bạn.",Bìa Cứng,10 x 15 cm,202,Tái bản lần 6,60
159,278737976,Sách - The Art of The Cocktail - Cocktails with an Artistic Twist by Salvatore Calabrese,Many Authors,354893,350000,350000,0,0.0,0,,,Octopus Books,,2024,9789815228860,,Bookworm Hà Nội,26789.0,https://salt.tikicdn.com/cache/280x280/ts/product/81/53/c5/e44aed2490a770167c76a1ddcf544f64.jpg,6,"Siêu phẩm bán chạy ""Sách - The Art of The Cocktail - Cocktails with an Artistic Twist by Salvatore Calabrese"" đang được đông đảo độc giả săn đón và đánh giá cao.",Bìa Gập,16 x 24 cm,825,Tái bản lần 1,15
161,209403908,Smoothie Bowls: Inspiring Healthy Foods,,,420000,420000,0,0.0,0,,2.0,ARTBook,,2021,9781748508611,,Artbook,305.0,https://salt.tikicdn.com/cache/280x280/ts/product/3f/61/b0/4d700cc5315c1007c416b0de3ed7b1f8.jpg,2,"Tác phẩm nổi bật ""Smoothie Bowls: Inspiring Healthy Foods"" là sự lựa chọn hoàn hảo để bổ sung vào tủ sách của bạn.",Bìa Mềm,17 x 24 cm,1143,Tái bản lần 8,35
1468,275551313,Ấn phẩm Phát triển Xanh - Bloomberg Businessweek Việt Nam - Số tháng 7. 2024: Giải cứu Pixar,,,117000,117000,0,0.0,0,,6.0,BEACON ASIA MEDIA,Báo Tài nguyên và Môi trường,2023,9781022657091,,BEACON ASIA MEDIA,343329.0,https://salt.tikicdn.com/cache/280x280/ts/product/29/1a/9e/f80469bf2ff6d10ce30ca836acf18eac.jpg,3,"Khám phá ngay ấn phẩm ""Ấn phẩm Phát triển Xanh - Bloomberg Businessweek Việt Nam - Số tháng 7. 2024: Giải cứu Pixar"" được biên soạn kỹ lưỡng, phù hợp với mọi đối tượng độc giả.",Bìa Gập,16 x 24 cm,701,Tái bản lần 7,98
1468,275946354,Ấn phẩm Phát triển Xanh - Bloomberg Businessweek Việt Nam - Số tháng 8. 2024:  Điều không đổi trong thế giới thay đổi,,,117000,117000,0,0.0,0,,7.0,BEACON ASIA MEDIA,Báo Tài nguyên và Môi trường,2024,9781260513392,,BEACON ASIA MEDIA,343329.0,https://salt.tikicdn.com/cache/280x280/ts/product/5d/12/85/0532dfdd0a181b5187c0893856cc5bac.png,2,"Đừng bỏ lỡ cuốn sách ""Ấn phẩm Phát triển Xanh - Bloomberg Businessweek Việt Nam - Số tháng 8. 2024:  Điều không đổi trong thế giới thay đổi"" hứa hẹn mang lại những kiến thức bổ ích và phút giây thư giãn.",Bìa Gập,16 x 24 cm,883,Tái bản lần 4,77
1468,276160805,Bloomberg Businessweek Vietnam số tháng 9.2024: Bàn về cơ hội thị trường chứng khoán 25 năm tới,,,117000,117000,0,0.0,0,,4.0,BEACON ASIA MEDIA,Báo Tài nguyên và Môi trường,2024,9781069200270,,BEACON ASIA MEDIA,343329.0,https://salt.tikicdn.com/cache/280x280/ts/product/35/41/61/c5db71c7605ae2e563c27c5a56e0e230.jpg,4,"Giới thiệu đến bạn đọc cuốn ""Bloomberg Businessweek Vietnam số tháng 9.2024: Bàn về cơ hội thị trường chứng khoán 25 năm tới"" được biên soạn kỹ lưỡng, phù hợp với mọi đối tượng độc giả.",Boxset,17 x 24 cm,216,Tái bản lần 4,51
1468,276380856,Bloomberg Businessweek Vietnam số tháng 10.2024: Đánh dấu hành trình một năm ra mắt tại Việt Nam ,,,117000,117000,0,0.0,0,,3.0,BEACON ASIA MEDIA,Báo Tài nguyên và Môi trường,2023,9784086922867,,BEACON ASIA MEDIA,343329.0,https://salt.tikicdn.com/cache/280x280/ts/product/aa/78/45/ef8171dd7d63b07f0190776e7cabd0a8.jpg,2,"Tác phẩm nổi bật ""Bloomberg Businessweek Vietnam số tháng 10.2024: Đánh dấu hành trình một năm ra mắt tại Việt Nam "" là sự lựa chọn hoàn hảo để bổ sung vào tủ sách của bạn.",Bìa Gập,17 x 24 cm,355,Tái bản lần 3,36
1468,276382138,[GIỚI HẠN] Bloomberg Businessweek Vietnam - GIẢM 50% Bộ sưu tập 12 số báo. Kỉ niệm 1 năm phát hành Tạp chí Phát Triển Xanh - Bloomberg Businessweek Vietnam,,,699000,699000,0,5.0,1,,8.0,BEACON ASIA MEDIA,Báo Tài nguyên và Môi trường,2022,9786180590113,,BEACON ASIA MEDIA,343329.0,https://salt.tikicdn.com/cache/280x280/ts/product/50/f0/5c/6cb5b15a8d2317926eb37c0a24ca0f93.jpg,3,"Siêu phẩm bán chạy ""[GIỚI HẠN] Bloomberg Businessweek Vietnam - GIẢM 50% Bộ sưu tập 12 số báo. Kỉ niệm 1 năm phát hành Tạp chí Phát Triển Xanh - Bloomberg Businessweek Vietnam"" được biên soạn kỹ lưỡng, phù hợp với mọi đối tượng độc giả.",Bìa Mềm,17 x 24 cm,794,Tái bản lần 2,92
1468,276919998,Tuổi Trẻ Cười số 1 phát hành ngày 1-1-2025,,,14500,14500,0,5.0,2,,56.0,Báo Tuổi Trẻ TP.HCM,Báo Tuổi trẻ,2022,9787381385195,40.0,Báo Tuổi Trẻ,186778.0,https://salt.tikicdn.com/cache/280x280/ts/product/50/42/37/d3b74ee9a3abfbc272a7971c2cf91b38.jpg,2,"Đừng bỏ lỡ cuốn sách ""Tuổi Trẻ Cười số 1 phát hành ngày 1-1-2025"" được biên soạn kỹ lưỡng, phù hợp với mọi đối tượng độc giả.",Bìa Mềm,13 x 19 cm,610,Tái bản lần 3,72
1468,277041825,Sách - Hoa Học Trò - Số 1449 - H2Tết Ất Tỵ - Detox Cảm Xúc Để Đón Năm Mới Thật Vui! - Tặng Kèm Sổ Tay Nhật Ký 2025 Ngập Tràn Vũ Trụ Capybara,nhieu tac gia,709597,40000,40000,0,5.0,1,,12.0,BÁO TIỀN PHONG,Báo Sinh Viên VN - Hoa Học Trò,2023,9782926570818,,Nhà sách Fahasa,53660.0,https://salt.tikicdn.com/cache/280x280/ts/product/32/eb/a8/230af6b83c25f32475167e2e25ecb03c.jpg,7,"Khám phá ngay ấn phẩm ""Sách - Hoa Học Trò - Số 1449 - H2Tết Ất Tỵ - Detox Cảm Xúc Để Đón Năm Mới Thật Vui! - Tặng Kèm Sổ Tay Nhật Ký 2025 Ngập Tràn Vũ Trụ Capybara"" được biên soạn kỹ lưỡng, phù hợp với mọi đối tượng độc giả.",Bìa Gập,14.5 x 20.5 cm,1092,Tái bản lần 3,91
1468,277045725,Ấn Phẩm Đặc Biệt Thường Niên Chào Xuân Ất Tỵ 2025 - The Year Ahead! ,,,234000,234000,0,5.0,1,,15.0,BEACON ASIA MEDIA,Báo Tài nguyên và Môi trường,2025,9781641784759,180.0,BEACON ASIA MEDIA,343329.0,https://salt.tikicdn.com/cache/280x280/ts/product/a9/c2/98/e8879ec3b64d4c0efacdcd1409c7a9a8.jpg,4,"Đừng bỏ lỡ cuốn sách ""Ấn Phẩm Đặc Biệt Thường Niên Chào Xuân Ất Tỵ 2025 - The Year Ahead! "" đang được đông đảo độc giả săn đón và đánh giá cao.",Boxset,14.5 x 20.5 cm,930,Tái bản lần 1,36
1468,277451236,Tạp chí Kinh tế Sài Gòn kỳ số 10-2025,Tạp chí Kinh tế Sài Gòn,8116993,25000,25000,0,0.0,0,,4.0,Tạp chí Kinh tế Sài Gòn,Saigon Times Group,2025,9784954824474,,Tạp chí Kinh tế Sài Gòn,311829.0,https://salt.tikicdn.com/cache/280x280/ts/product/64/6c/e9/2b7a1ef3bd735c383f4a19f22a59a68c.jpg,2,"Giới thiệu đến bạn đọc cuốn ""Tạp chí Kinh tế Sài Gòn kỳ số 10-2025"" đang được đông đảo độc giả săn đón và đánh giá cao.",Bìa Gập,14.5 x 20.5 cm,272,Tái bản lần 10,58
1468,277481897,Tạp chí Kiến Trúc và Đời Sống số 225 (Tháng 3-2025) _ Ra tết làm nhà,,,35800,35800,0,0.0,0,,41.0,Công ty TNHH Không Gian Sống Media,Công ty TNHH Không Gian Sống Media,2023,9781068907715,,Kiến Trúc và Đời Sống,134516.0,https://salt.tikicdn.com/cache/280x280/ts/product/01/07/36/8de6f0fe364916407ca2f19dd2758eb5.jpg,9,"Siêu phẩm bán chạy ""Tạp chí Kiến Trúc và Đời Sống số 225 (Tháng 3-2025) _ Ra tết làm nhà"" được biên soạn kỹ lưỡng, phù hợp với mọi đối tượng độc giả.",Bìa Mềm,10 x 15 cm,566,Tái bản lần 6,31
1468,277505263,Tuổi Trẻ Cười số 5 phát hành ngày 15-3-2025,,,14500,14500,0,5.0,4,,36.0,Báo Tuổi Trẻ TP.HCM,Báo Tuổi trẻ,2024,9782161221462,40.0,Báo Tuổi Trẻ,186778.0,https://salt.tikicdn.com/cache/280x280/ts/product/6f/69/8e/72ef1598ce2172aacbfb1b2edb681e1a.jpg,2,"Tác phẩm nổi bật ""Tuổi Trẻ Cười số 5 phát hành ngày 15-3-2025"" được biên soạn kỹ lưỡng, phù hợp với mọi đối tượng độc giả.",Bìa Cứng,14.5 x 20.5 cm,895,Tái bản lần 1,51
1468,277527681,Ấn phẩm tháng 3.2025 chính thức ra mắt: Khám phá cách AI và thuế quan thay đổi thế giới,,,117000,117000,0,0.0,0,,5.0,BEACON ASIA MEDIA,Báo Tài nguyên và Môi trường,2023,9789207980930,116.0,BEACON ASIA MEDIA,343329.0,https://salt.tikicdn.com/cache/280x280/ts/product/f9/48/27/a5364ef2d3bb2ccabb37598555ce463a.jpg,2,"Đừng bỏ lỡ cuốn sách ""Ấn phẩm tháng 3.2025 chính thức ra mắt: Khám phá cách AI và thuế quan thay đổi thế giới"" được biên soạn kỹ lưỡng, phù hợp với mọi đối tượng độc giả.",Boxset,14.5 x 20.5 cm,762,Tái bản lần 10,68
1468,277588388,Tuổi Trẻ Cười số 6 phát hành ngày 1-4-2025,,,14500,14500,0,5.0,3,,31.0,Báo Tuổi Trẻ TP.HCM,Báo Tuổi trẻ,2022,9784448191658,40.0,Báo Tuổi Trẻ,186778.0,https://salt.tikicdn.com/cache/280x280/ts/product/9e/62/f7/0e66c0fa120d7ffb5fc5c73a9a828149.jpg,2,"Siêu phẩm bán chạy ""Tuổi Trẻ Cười số 6 phát hành ngày 1-4-2025"" đang được đông đảo độc giả săn đón và đánh giá cao.",Bìa Cứng,10 x 15 cm,581,Tái bản lần 3,92
1468,277619593,"Tạp chí Kiến Trúc và Đời Sống số 226 (Tháng 4-2025) _ ""Đu trend"" khi làm nhà",Nhiều,477079,35800,35800,0,5.0,1,,57.0,Công ty TNHH Không Gian Sống Media,Công ty TNHH Không Gian Sống Media,2020,9789860667674,,Kiến Trúc và Đời Sống,134516.0,https://salt.tikicdn.com/cache/280x280/ts/product/a6/92/43/566b0e16779032f363f00acd9030d648.jpg,11,"Đừng bỏ lỡ cuốn sách ""Tạp chí Kiến Trúc và Đời Sống số 226 (Tháng 4-2025) _ ""Đu trend"" khi làm nhà"" đang được đông đảo độc giả săn đón và đánh giá cao.",Boxset,14.5 x 20.5 cm,828,Tái bản lần 9,73
1468,277745058,Tuổi Trẻ Cười số 7 phát hành ngày 15-4-2025,,,14500,14500,0,5.0,3,,25.0,Báo Tuổi Trẻ TP.HCM,Báo Tuổi trẻ,2024,9787540057379,44.0,Báo Tuổi Trẻ,186778.0,https://salt.tikicdn.com/cache/280x280/ts/product/ee/ef/31/77feb3b3cf6ef8c61502a2a1328acc48.jpg,2,"Giới thiệu đến bạn đọc cuốn ""Tuổi Trẻ Cười số 7 phát hành ngày 15-4-2025"" là sự lựa chọn hoàn hảo để bổ sung vào tủ sách của bạn.",Bìa Gập,10 x 15 cm,758,Tái bản lần 8,88
1468,277772723,ẤN PHẨM THÁNG 4.2025 CHÍNH THỨC RA MẮT,,,117000,117000,0,5.0,1,,9.0,BEACON ASIA MEDIA,Báo Tài nguyên và Môi trường,2024,9786185573983,,BEACON ASIA MEDIA,343329.0,https://salt.tikicdn.com/cache/280x280/ts/product/cf/cd/32/2572db77922f3ad73a18c8d09c4bfd3b.jpg,4,"Đừng bỏ lỡ cuốn sách ""ẤN PHẨM THÁNG 4.2025 CHÍNH THỨC RA MẮT"" được biên soạn kỹ lưỡng, phù hợp với mọi đối tượng độc giả.",Bìa Mềm,14.5 x 20.5 cm,998,Tái bản lần 6,75
1468,277819092,Mở khóa dòng vốn - Tạp chí Forbes Việt Nam kỳ 140/141 (Tháng 4.5/2024),,,125000,125000,0,5.0,1,,22.0,Forbes Việt Nam,Forbes Việt Nam,2020,9781705958974,,Tạp chí Forbes,176907.0,https://salt.tikicdn.com/cache/280x280/ts/product/dc/5c/d8/a8835e66c8758a1a478b37193348ce82.jpg,2,"Giới thiệu đến bạn đọc cuốn ""Mở khóa dòng vốn - Tạp chí Forbes Việt Nam kỳ 140/141 (Tháng 4.5/2024)"" được biên soạn kỹ lưỡng, phù hợp với mọi đối tượng độc giả.",Bìa Cứng,16 x 24 cm,880,Tái bản lần 8,76
1468,277874396,Tuổi Trẻ Cười số 8 phát hành ngày 1-5-2025,,,14500,14500,0,5.0,2,,30.0,Báo Tuổi Trẻ TP.HCM,Báo Tuổi trẻ,2020,9786073631057,40.0,Báo Tuổi Trẻ,186778.0,https://salt.tikicdn.com/cache/280x280/ts/product/6e/2f/19/16139e887dbecee1a8a296ccefbf6d08.jpg,2,"Đừng bỏ lỡ cuốn sách ""Tuổi Trẻ Cười số 8 phát hành ngày 1-5-2025"" với nội dung cực kỳ hấp dẫn và hình thức trình bày đẹp mắt.",Bìa Cứng,17 x 24 cm,725,Tái bản lần 1,25
1468,277916282,Tạp chí Đẹp T4/2025 (Số 295),,,65000,65000,0,0.0,0,,16.0,Lê Media,Nhà Xuất Bản Thông Tấn,2021,9781497113466,128.0,LEMEDIA,6806.0,https://salt.tikicdn.com/cache/280x280/ts/product/16/49/59/b252160d0e06a6ebeaae27ec49e10d10.jpg,8,"Siêu phẩm bán chạy ""Tạp chí Đẹp T4/2025 (Số 295)"" là sự lựa chọn hoàn hảo để bổ sung vào tủ sách của bạn.",Bìa Mềm,13 x 19 cm,232,Tái bản lần 10,21
1468,277943057,Tạp chí Kiến Trúc và Đời Sống số 227 (Tháng 5-2025) _Những sai lầm khi làm nhà,Nhiều,477079,35800,35800,0,5.0,1,,69.0,Công ty TNHH Không Gian Sống Media,Công ty TNHH Không Gian Sống Media,2024,9784839337991,,Kiến Trúc và Đời Sống,134516.0,https://salt.tikicdn.com/cache/280x280/ts/product/fa/7e/83/d0c7f328048860b046deb2296c8f604f.jpg,12,"Khám phá ngay ấn phẩm ""Tạp chí Kiến Trúc và Đời Sống số 227 (Tháng 5-2025) _Những sai lầm khi làm nhà"" hứa hẹn mang lại những kiến thức bổ ích và phút giây thư giãn.",Bìa Gập,10 x 15 cm,1080,Tái bản lần 5,33
1468,277969878,Tạp chí Kinh tế Sài Gòn kỳ số 20-2025,Tạp chí Kinh tế Sài Gòn,8116993,25000,25000,0,0.0,0,,6.0,Tạp chí Kinh tế Sài Gòn,Saigon Times Group,2025,9789077877685,,Tạp chí Kinh tế Sài Gòn,311829.0,https://salt.tikicdn.com/cache/280x280/ts/product/3e/db/1f/369035498735fb2dd65205f4967a4524.jpg,2,"Đừng bỏ lỡ cuốn sách ""Tạp chí Kinh tế Sài Gòn kỳ số 20-2025"" với nội dung cực kỳ hấp dẫn và hình thức trình bày đẹp mắt.",Bìa Mềm,14.5 x 20.5 cm,496,Tái bản lần 10,70
1468,277971432,Tuổi Trẻ Cười số 9 phát hành ngày 15-5-2025,,,14500,14500,0,5.0,2,,31.0,Báo Tuổi Trẻ TP.HCM,Báo Tuổi trẻ,2020,9781175209339,40.0,Báo Tuổi Trẻ,186778.0,https://salt.tikicdn.com/cache/280x280/ts/product/57/6b/e0/b9cea97912e9ff12a14b2a1cc1b7be9e.jpg,2,"Đừng bỏ lỡ cuốn sách ""Tuổi Trẻ Cười số 9 phát hành ngày 15-5-2025"" là sự lựa chọn hoàn hảo để bổ sung vào tủ sách của bạn.",Bìa Gập,14.5 x 20.5 cm,458,Tái bản lần 2,89
1468,277983786,Bloomberg Businessweek Việt Nam chính thức ra mắt ấn phẩm tháng 5.2025,,,117000,117000,0,0.0,0,,12.0,BEACON ASIA MEDIA,Báo Tài nguyên và Môi trường,2023,9786915292507,120.0,BEACON ASIA MEDIA,343329.0,https://salt.tikicdn.com/cache/280x280/ts/product/94/40/3f/afc29fb04624b27337ccfca0bbcb78f5.jpg,3,"Giới thiệu đến bạn đọc cuốn ""Bloomberg Businessweek Việt Nam chính thức ra mắt ấn phẩm tháng 5.2025"" được biên soạn kỹ lưỡng, phù hợp với mọi đối tượng độc giả.",Bìa Gập,10 x 15 cm,655,Tái bản lần 3,25
1468,278007436,Tạp chí Kinh tế Sài Gòn kỳ số 21-2025,Tạp chí Kinh tế Sài Gòn,8116993,25000,25000,0,0.0,0,,6.0,Tạp chí Kinh tế Sài Gòn,Saigon Times Group,2025,9785832014424,,Tạp chí Kinh tế Sài Gòn,311829.0,https://salt.tikicdn.com/cache/280x280/ts/product/94/95/3a/393daca094fe9a688204961243189162.jpg,2,"Khám phá ngay ấn phẩm ""Tạp chí Kinh tế Sài Gòn kỳ số 21-2025"" được biên soạn kỹ lưỡng, phù hợp với mọi đối tượng độc giả.",Boxset,13 x 19 cm,636,Tái bản lần 5,18
1468,278037737,Tạp chí Kinh tế Sài Gòn kỳ số 22-2025,Tạp chí Kinh tế Sài Gòn,8116993,25000,25000,0,0.0,0,,5.0,Tạp chí Kinh tế Sài Gòn,Saigon Times Group,2025,9787653630639,,Tạp chí Kinh tế Sài Gòn,311829.0,https://salt.tikicdn.com/cache/280x280/ts/product/a0/a7/a4/ae41af7a95c2dce43f16af07c30e269b.jpg,2,"Đừng bỏ lỡ cuốn sách ""Tạp chí Kinh tế Sài Gòn kỳ số 22-2025"" đang được đông đảo độc giả săn đón và đánh giá cao.",Bìa Mềm,14.5 x 20.5 cm,622,Tái bản lần 5,78
1468,278051785,Tuổi Trẻ Cười số 10 phát hành ngày 1-6-2025,,,14500,14500,0,5.0,3,,31.0,Báo Tuổi Trẻ TP.HCM,Báo Tuổi trẻ,2020,9781881112698,40.0,Báo Tuổi Trẻ,186778.0,https://salt.tikicdn.com/cache/280x280/ts/product/ba/7a/7f/2149ecfd49f41f12f699b1609bbd2b7e.jpg,2,"Tác phẩm nổi bật ""Tuổi Trẻ Cười số 10 phát hành ngày 1-6-2025"" đang được đông đảo độc giả săn đón và đánh giá cao.",Boxset,13 x 19 cm,610,Tái bản lần 8,70
1468,278067101,Tạp chí Kinh tế Sài Gòn kỳ số 23-2025,Tạp chí Kinh tế Sài Gòn,8116993,25000,25000,0,0.0,0,,7.0,Tạp chí Kinh tế Sài Gòn,Saigon Times Group,2025,9786286990107,,Tạp chí Kinh tế Sài Gòn,311829.0,https://salt.tikicdn.com/cache/280x280/ts/product/f3/d2/14/6001947494cfc6b925577872f4ef644c.jpg,2,"Đừng bỏ lỡ cuốn sách ""Tạp chí Kinh tế Sài Gòn kỳ số 23-2025"" đang được đông đảo độc giả săn đón và đánh giá cao.",Boxset,13 x 19 cm,659,Tái bản lần 6,46
1468,278100631,Tạp chí Kinh tế Sài Gòn kỳ số 24-2025,Tạp chí Kinh tế Sài Gòn,8116993,25000,25000,0,0.0,0,,4.0,Tạp chí Kinh tế Sài Gòn,Saigon Times Group,2025,9783885191308,,Tạp chí Kinh tế Sài Gòn,311829.0,https://salt.tikicdn.com/cache/280x280/ts/product/af/9c/e2/3a2305e61f845825d15a11ba5a96a854.jpg,2,"Đừng bỏ lỡ cuốn sách ""Tạp chí Kinh tế Sài Gòn kỳ số 24-2025"" là sự lựa chọn hoàn hảo để bổ sung vào tủ sách của bạn.",Boxset,14.5 x 20.5 cm,404,Tái bản lần 3,72
1468,278108564,Tạp chí Kiến Trúc và Đời Sống số 228 (Tháng 6-2025) - Làm nhà: Vai trò của gia chủ,Nhiều,477079,35800,35800,0,5.0,2,,91.0,Công ty TNHH Không Gian Sống Media,Công ty TNHH Không Gian Sống Media,2021,9783340089056,,Kiến Trúc và Đời Sống,134516.0,https://salt.tikicdn.com/cache/280x280/ts/product/57/f1/a9/23e033a30774e1c0d9afd441436f00cd.jpg,11,"Siêu phẩm bán chạy ""Tạp chí Kiến Trúc và Đời Sống số 228 (Tháng 6-2025) - Làm nhà: Vai trò của gia chủ"" đang được đông đảo độc giả săn đón và đánh giá cao.",Bìa Cứng,16 x 24 cm,434,Tái bản lần 9,72
1468,278109054,Tuổi Trẻ Cuối tuần số 22 phát hành ngày 15-6-2025,,,14500,14500,0,0.0,0,,7.0,Báo Tuổi Trẻ TP.HCM,Báo Tuổi trẻ,2025,9785201246004,44.0,Báo Tuổi Trẻ,186778.0,https://salt.tikicdn.com/cache/280x280/ts/product/02/cf/0a/4c57f7173d1dd12ae18e9d19e0290426.jpg,2,"Khám phá ngay ấn phẩm ""Tuổi Trẻ Cuối tuần số 22 phát hành ngày 15-6-2025"" đang được đông đảo độc giả săn đón và đánh giá cao.",Bìa Mềm,14.5 x 20.5 cm,248,Tái bản lần 2,31
1468,278130624,Tạp chí Kinh tế Sài Gòn kỳ số 25-2025,Tạp chí Kinh tế Sài Gòn,8116993,25000,25000,0,0.0,0,,4.0,Tạp chí Kinh tế Sài Gòn,Saigon Times Group,2025,9786930468163,,Tạp chí Kinh tế Sài Gòn,311829.0,https://salt.tikicdn.com/cache/280x280/ts/product/a2/d5/e3/2e8aa335410cac088ea49be86dea441a.jpg,2,"Đừng bỏ lỡ cuốn sách ""Tạp chí Kinh tế Sài Gòn kỳ số 25-2025"" hứa hẹn mang lại những kiến thức bổ ích và phút giây thư giãn.",Boxset,10 x 15 cm,396,Tái bản lần 5,12
1468,278139813,Bloomberg Businessweek Việt Nam chính thức ra mắt ấn phẩm tháng 6.2025,,,117000,117000,0,0.0,0,,14.0,BEACON ASIA MEDIA,Báo Tài nguyên và Môi trường,2024,9787017650505,130.0,BEACON ASIA MEDIA,343329.0,https://salt.tikicdn.com/cache/280x280/ts/product/d3/6a/17/766cb31e7acd54b3a01d8f9cf1eb845e.jpg,2,"Đừng bỏ lỡ cuốn sách ""Bloomberg Businessweek Việt Nam chính thức ra mắt ấn phẩm tháng 6.2025"" được biên soạn kỹ lưỡng, phù hợp với mọi đối tượng độc giả.",Boxset,10 x 15 cm,1020,Tái bản lần 1,75
1468,278139860,Tạp chí Đẹp tháng 6/2025 (Số 297),,,65000,65000,0,0.0,0,,6.0,Lê Media,Nhà Xuất Bản Thông Tấn,2024,9789526844307,124.0,LEMEDIA,6806.0,https://salt.tikicdn.com/cache/280x280/ts/product/17/e8/72/3be58fced318555e2b2a8e7586829edc.jpg,7,"Siêu phẩm bán chạy ""Tạp chí Đẹp tháng 6/2025 (Số 297)"" hứa hẹn mang lại những kiến thức bổ ích và phút giây thư giãn.",Bìa Cứng,13 x 19 cm,1020,Tái bản lần 1,83
1468,278169823,Tạp chí Kinh tế Sài Gòn kỳ số 26-2025,Tạp chí Kinh tế Sài Gòn,8116993,25000,25000,0,0.0,0,,9.0,Tạp chí Kinh tế Sài Gòn,Saigon Times Group,2025,9785648893942,,Tạp chí Kinh tế Sài Gòn,311829.0,https://salt.tikicdn.com/cache/280x280/ts/product/c4/ce/75/114638660de16d3ff85a086710e6e8ce.jpg,2,"Khám phá ngay ấn phẩm ""Tạp chí Kinh tế Sài Gòn kỳ số 26-2025"" là sự lựa chọn hoàn hảo để bổ sung vào tủ sách của bạn.",Boxset,16 x 24 cm,502,Tái bản lần 6,47
1468,278230340,Tạp chí Kinh tế Sài gòn kỳ số 27-2025,Tạp chí Kinh tế Sài Gòn,8116993,25000,25000,0,0.0,0,,10.0,Tạp chí Kinh tế Sài Gòn,Saigon Times Group,2025,9783124696677,,Tạp chí Kinh tế Sài Gòn,311829.0,https://salt.tikicdn.com/cache/280x280/ts/product/9a/f4/ff/8fecb5e43f6aed57eca16dacf786015c.jpg,2,"Đừng bỏ lỡ cuốn sách ""Tạp chí Kinh tế Sài gòn kỳ số 27-2025"" được biên soạn kỹ lưỡng, phù hợp với mọi đối tượng độc giả.",Bìa Mềm,16 x 24 cm,1024,Tái bản lần 8,57
882,137440372,Sách Khúc Hát Của Cây,David George Haskell,4830241,175000,175000,0,3.8,4,,39.0,Nhà Xuất Bản Thế Giới,Nhà Xuất Bản Thế Giới,2023,9784650703872,329.0,Nhà Sách Phương Nam,229023.0,https://salt.tikicdn.com/cache/280x280/ts/product/e6/5a/9e/481c46647f0b87528dd1313f10e68e0c.jpg,2,"Đừng bỏ lỡ cuốn sách ""Sách Khúc Hát Của Cây"" với nội dung cực kỳ hấp dẫn và hình thức trình bày đẹp mắt.",Bìa Cứng,17 x 24 cm,276,Tái bản lần 6,15
882,196068637,"Hướng Dẫn Nuôi Cá, Ếch, Lươn",,,22500,30000,25,5.0,3,,48.0,VIETNAMBOOK,Nhà Xuất Bản Hồng Đức,2022,9782257505798,56.0,VIETNAMBOOK,197.0,https://salt.tikicdn.com/cache/280x280/ts/product/8b/ca/3d/cbb9a5a545b735fc293a0defd5eddaf0.jpg,6,"Siêu phẩm bán chạy ""Hướng Dẫn Nuôi Cá, Ếch, Lươn"" với nội dung cực kỳ hấp dẫn và hình thức trình bày đẹp mắt.",Bìa Gập,16 x 24 cm,1060,Tái bản lần 7,60
882,198364682,"Phương Pháp Chẩn Đoán Chữa Bệnh Truyền Nhiễm Ở Lợn, Gà, Vịt Dành Cho Người Chăn Nuôi",,,65000,88000,26,5.0,6,,41.0,VIETNAMBOOK,Nhà Xuất Bản Hà Nội,2024,9782722682411,176.0,VIETNAMBOOK,197.0,https://salt.tikicdn.com/cache/280x280/ts/product/75/69/12/2a9d8b94e70334069f8db4f3a1189360.jpg,8,"Khám phá ngay ấn phẩm ""Phương Pháp Chẩn Đoán Chữa Bệnh Truyền Nhiễm Ở Lợn, Gà, Vịt Dành Cho Người Chăn Nuôi"" là sự lựa chọn hoàn hảo để bổ sung vào tủ sách của bạn.",Bìa Cứng,10 x 15 cm,800,Tái bản lần 5,99
882,274630359,Sách 110 Câu Hỏi Đáp Chăm Sóc Và Tạo Dáng Bon Sai,"Việt Chương, Phúc Quyên","21607, 456929",45000,75000,40,4.3,10,,7.0,VanLangBooks,,2022,9783584763284,120.0,Tiki Trading,1.0,https://salt.tikicdn.com/cache/280x280/ts/product/d3/89/9e/b21bed9c371723e289ec3a3040ed6434.jpg,4,"Giới thiệu đến bạn đọc cuốn ""Sách 110 Câu Hỏi Đáp Chăm Sóc Và Tạo Dáng Bon Sai"" là sự lựa chọn hoàn hảo để bổ sung vào tủ sách của bạn.",Boxset,13 x 19 cm,1193,Tái bản lần 1,84
882,274760997,110 Câu Hỏi Đáp Chăm Sóc Và Tạo Dáng Bonsai (Tái Bản 2024),"Việt Chương,  Phúc Quyên","21607, 559233",65200,75000,13,4.5,2,,18.0,Cty Văn Hóa Văn Lang,,2021,9784713121235,,Nhà sách Fahasa,53660.0,https://salt.tikicdn.com/cache/280x280/ts/product/80/af/4b/38e9bdee8872d985778767bcc327785e.jpg,10,"Siêu phẩm bán chạy ""110 Câu Hỏi Đáp Chăm Sóc Và Tạo Dáng Bonsai (Tái Bản 2024)"" với nội dung cực kỳ hấp dẫn và hình thức trình bày đẹp mắt.",Boxset,14.5 x 20.5 cm,290,Tái bản lần 9,95
882,274848024,"Kỹ Thuật Trồng Rau, Củ, Quả Hữu Cơ (Tái bản 2024)",,,51000,68000,25,3.7,3,,29.0,VIETNAMBOOK,Nhà Xuất Bản Hà Nội,2024,9789751111064,136.0,VIETNAMBOOK,197.0,https://salt.tikicdn.com/cache/280x280/ts/product/65/30/83/ca96e30d91c0252257abcbc599e07d40.jpg,13,"Đừng bỏ lỡ cuốn sách ""Kỹ Thuật Trồng Rau, Củ, Quả Hữu Cơ (Tái bản 2024)"" hứa hẹn mang lại những kiến thức bổ ích và phút giây thư giãn.",Boxset,14.5 x 20.5 cm,887,Tái bản lần 10,79
882,274848346,Thực Hành Nông Nghiệp Hữu Cơ (Tái bản 2024),,,66000,88000,25,5.0,2,,65.0,VIETNAMBOOK,Nhà Xuất Bản Văn Hoá Dân Tộc,2024,9786382192476,176.0,VIETNAMBOOK,197.0,https://salt.tikicdn.com/cache/280x280/ts/product/bb/39/aa/ca6dbc6f83136dacfb1df9a2c3fe69ca.jpg,8,"Tác phẩm nổi bật ""Thực Hành Nông Nghiệp Hữu Cơ (Tái bản 2024)"" được biên soạn kỹ lưỡng, phù hợp với mọi đối tượng độc giả.",Bìa Mềm,16 x 24 cm,447,Tái bản lần 4,76
882,274848427,Kỹ Thuật Trồng Các Loại Cây Cảnh (Tái bản 2024),,,62000,62000,0,5.0,1,,40.0,VIETNAMBOOK,Nhà Xuất Bản Hà Nội,2024,9782759852202,124.0,VIETNAMBOOK,197.0,https://salt.tikicdn.com/cache/280x280/ts/product/f2/8c/70/6ca62a18c0fa9e65a67dd6dfac4bf703.jpg,6,"Khám phá ngay ấn phẩm ""Kỹ Thuật Trồng Các Loại Cây Cảnh (Tái bản 2024)"" với nội dung cực kỳ hấp dẫn và hình thức trình bày đẹp mắt.",Bìa Gập,10 x 15 cm,966,Tái bản lần 4,94
882,274848515,"Kỹ Thuật Trồng, Chăm Sóc Cho Năng Suất Cao: Cà Chua, Cà Tím, Khoai Tây, Ngô, Đậu (Tái bản 2024)",,,43000,58000,26,5.0,1,,38.0,VIETNAMBOOK,Nhà Xuất Bản Hà Nội,2024,9781446937255,116.0,VIETNAMBOOK,197.0,https://salt.tikicdn.com/cache/280x280/ts/product/fb/f3/10/a0741cae740c668adf69e090ff74ecf2.jpg,5,"Siêu phẩm bán chạy ""Kỹ Thuật Trồng, Chăm Sóc Cho Năng Suất Cao: Cà Chua, Cà Tím, Khoai Tây, Ngô, Đậu (Tái bản 2024)"" hứa hẹn mang lại những kiến thức bổ ích và phút giây thư giãn.",Bìa Gập,17 x 24 cm,203,Tái bản lần 6,46
882,274849081,Bón Phân Khoa Học - Phân Bón Hữu Cơ Thay Thế Phân Hoá Học (Tái bản),,,50000,50000,0,1.0,1,,19.0,VIETNAMBOOK,Nhà Xuất Bản Hà Nội,2024,9781578896942,100.0,VIETNAMBOOK,197.0,https://salt.tikicdn.com/cache/280x280/ts/product/06/bd/69/d529475d483e5c2ff5052d6b8d71c987.jpg,5,"Khám phá ngay ấn phẩm ""Bón Phân Khoa Học - Phân Bón Hữu Cơ Thay Thế Phân Hoá Học (Tái bản)"" là sự lựa chọn hoàn hảo để bổ sung vào tủ sách của bạn.",Bìa Gập,16 x 24 cm,696,Tái bản lần 9,40
882,274849174,"Phương Pháp Chẩn Đoán, Chữa Bệnh Truyền Nhiễm Ở Lợn, Gà, Vịt Dành Cho Người Chăn Nuôi (Tái bản 2024)",,,65000,88000,26,5.0,1,,4.0,VIETNAMBOOK,Nhà Xuất Bản Hà Nội,2024,9787126063854,176.0,VIETNAMBOOK,197.0,https://salt.tikicdn.com/cache/280x280/ts/product/75/69/12/a88077c6af55cf37cfdf57fb14401eab.jpg,8,"Giới thiệu đến bạn đọc cuốn ""Phương Pháp Chẩn Đoán, Chữa Bệnh Truyền Nhiễm Ở Lợn, Gà, Vịt Dành Cho Người Chăn Nuôi (Tái bản 2024)"" là sự lựa chọn hoàn hảo để bổ sung vào tủ sách của bạn.",Bìa Mềm,14.5 x 20.5 cm,857,Tái bản lần 7,36
882,275188910,"Kỹ Thuật Nuôi Gà Thịt Khoa Học, An Toàn Và Hiệu Quả (Tái bản 2024)",Vũ Thùy An,198155,113000,113000,0,0.0,0,,45.0,VIETNAMBOOK,Nhà Xuất Bản Hà Nội,2024,9785928794386,224.0,VIETNAMBOOK,197.0,https://salt.tikicdn.com/cache/280x280/ts/product/d6/c5/4d/57862d4372c1895a49af090f2754a0bf.jpg,7,"Tác phẩm nổi bật ""Kỹ Thuật Nuôi Gà Thịt Khoa Học, An Toàn Và Hiệu Quả (Tái bản 2024)"" là sự lựa chọn hoàn hảo để bổ sung vào tủ sách của bạn.",Bìa Mềm,14.5 x 20.5 cm,874,Tái bản lần 9,71
882,275188899,"Kỹ Thuật Nuôi Vịt Khoa Học, An Toàn Và Hiệu Quả (Tái bản 2024)",Hoàng Kim,64756,74000,99000,25,0.0,0,,3.0,VIETNAMBOOK,Nhà Xuất Bản Hà Nội,2024,9787006386391,200.0,VIETNAMBOOK,197.0,https://salt.tikicdn.com/cache/280x280/ts/product/2b/26/72/0f27bc87a714a2424ef389b4acd7175f.jpg,13,"Tác phẩm nổi bật ""Kỹ Thuật Nuôi Vịt Khoa Học, An Toàn Và Hiệu Quả (Tái bản 2024)"" là sự lựa chọn hoàn hảo để bổ sung vào tủ sách của bạn.",Boxset,13 x 19 cm,263,Tái bản lần 2,61
882,277317417,Sách - Nông Sản Việt Nam & Thế Giới -  Saigon Books - Tác giả Phan Minh Thông,GS.TS Phạm Minh Thông,7926641,128000,128000,0,0.0,0,,1.0,Saigon Books,Nhà Xuất Bản Thế Giới,2022,9784111372617,,Hiệu Sách Tự Do,124753.0,https://salt.tikicdn.com/cache/280x280/ts/product/9c/d6/49/356f7d2e94b95ab19bfa96e377be2fad.jpg,3,"Giới thiệu đến bạn đọc cuốn ""Sách - Nông Sản Việt Nam & Thế Giới -  Saigon Books - Tác giả Phan Minh Thông"" với nội dung cực kỳ hấp dẫn và hình thức trình bày đẹp mắt.",Bìa Mềm,14.5 x 20.5 cm,643,Tái bản lần 6,96
882,277387546,Sách - Cách Trồng Cây Chanh Leo - NXB Nông Nghiệp,,,62000,62000,0,0.0,0,,10.0,NHÀ XUẤT BẢN NÔNG NGHIỆP,Nhà Xuất Bản Nông Nghiệp,2025,9783950024000,,Bamboo Books,281062.0,https://salt.tikicdn.com/cache/280x280/ts/product/ce/8a/66/1ad402468c670ae8c6a6a322536bf3e7.jpg,2,"Siêu phẩm bán chạy ""Sách - Cách Trồng Cây Chanh Leo - NXB Nông Nghiệp"" được biên soạn kỹ lưỡng, phù hợp với mọi đối tượng độc giả.",Bìa Cứng,16 x 24 cm,520,Tái bản lần 9,42
882,277387560,Sách - Cách Trồng Nấm Mùa Hè - NXB Nông Nghiệp,,,50000,50000,0,0.0,0,,4.0,NHÀ XUẤT BẢN NÔNG NGHIỆP,Nhà Xuất Bản Nông Nghiệp,2023,9786186390797,,Bamboo Books,281062.0,https://salt.tikicdn.com/cache/280x280/ts/product/ea/8b/40/7daf56340042ab8fede9cb9beb8b75e3.jpg,2,"Tác phẩm nổi bật ""Sách - Cách Trồng Nấm Mùa Hè - NXB Nông Nghiệp"" với nội dung cực kỳ hấp dẫn và hình thức trình bày đẹp mắt.",Bìa Cứng,13 x 19 cm,282,Tái bản lần 7,16
882,277387562,Sách - Cách Trồng Và Chăm Sóc Cây Hoa Trà - NXB Nông Nghiệp,,,62000,62000,0,0.0,0,,3.0,NHÀ XUẤT BẢN NÔNG NGHIỆP,Nhà Xuất Bản Nông Nghiệp,2022,9784775348347,,Bamboo Books,281062.0,https://salt.tikicdn.com/cache/280x280/ts/product/27/5e/74/8a1b641e9147b48375800ba6b5c11d4d.jpg,2,"Tác phẩm nổi bật ""Sách - Cách Trồng Và Chăm Sóc Cây Hoa Trà - NXB Nông Nghiệp"" đang được đông đảo độc giả săn đón và đánh giá cao.",Bìa Mềm,16 x 24 cm,401,Tái bản lần 1,42
882,277387564,Sách - Cách Trồng Dâu Nuôi Tằm - NXB Nông Nghiệp,,,62000,62000,0,0.0,0,,7.0,NHÀ XUẤT BẢN NÔNG NGHIỆP,Nhà Xuất Bản Nông Nghiệp,2023,9784618915230,,Bamboo Books,281062.0,https://salt.tikicdn.com/cache/280x280/ts/product/f2/5b/d0/152b29ea441f4afa12cc61710a184e65.jpg,6,"Giới thiệu đến bạn đọc cuốn ""Sách - Cách Trồng Dâu Nuôi Tằm - NXB Nông Nghiệp"" đang được đông đảo độc giả săn đón và đánh giá cao.",Bìa Gập,10 x 15 cm,842,Tái bản lần 2,33
882,277387566,Sách - Cách Nhân Giống Cây Trồng Bằng Nuôi Cấy Mô - Công Nghệ Nhân Giống Hiệu Quả Cho Tương Lai - NXB Nông Nghiệp,,,62000,62000,0,0.0,0,,5.0,NHÀ XUẤT BẢN NÔNG NGHIỆP,Nhà Xuất Bản Nông Nghiệp,2020,9789518015882,,Bamboo Books,281062.0,https://salt.tikicdn.com/cache/280x280/ts/product/2c/c0/d9/15b9d8cec18c96bec3fbf19f085b5cab.jpg,8,"Tác phẩm nổi bật ""Sách - Cách Nhân Giống Cây Trồng Bằng Nuôi Cấy Mô - Công Nghệ Nhân Giống Hiệu Quả Cho Tương Lai - NXB Nông Nghiệp"" là sự lựa chọn hoàn hảo để bổ sung vào tủ sách của bạn.",Bìa Cứng,10 x 15 cm,385,Tái bản lần 7,21
882,277387590,Sách - Nghề Nuôi Lợn Rừng - NXB Nông Nghiệp,,,25000,25000,0,0.0,0,,4.0,NHÀ XUẤT BẢN NÔNG NGHIỆP,Nhà Xuất Bản Nông Nghiệp,2020,9789377120110,,Bamboo Books,281062.0,https://salt.tikicdn.com/cache/280x280/ts/product/19/88/fe/f0e58613231fc8816cde746a3275474c.jpg,2,"Giới thiệu đến bạn đọc cuốn ""Sách - Nghề Nuôi Lợn Rừng - NXB Nông Nghiệp"" được biên soạn kỹ lưỡng, phù hợp với mọi đối tượng độc giả.",Bìa Gập,14.5 x 20.5 cm,263,Tái bản lần 5,64
882,277387596,Sách - Nghề Nuôi Chim Yến - NXB Nông Nghiệp,,,48000,48000,0,0.0,0,,6.0,NHÀ XUẤT BẢN NÔNG NGHIỆP,Nhà Xuất Bản Nông Nghiệp,2025,9788372697314,,Bamboo Books,281062.0,https://salt.tikicdn.com/cache/280x280/ts/product/8c/22/59/dea4678b243bf33ea22f627d88afbfe7.jpg,6,"Tác phẩm nổi bật ""Sách - Nghề Nuôi Chim Yến - NXB Nông Nghiệp"" được biên soạn kỹ lưỡng, phù hợp với mọi đối tượng độc giả.",Bìa Mềm,16 x 24 cm,975,Tái bản lần 5,58
882,277387656,Sách - Nghề Nuôi Cá Ao - NXB Nông Nghiệp,,,32000,32000,0,0.0,0,,2.0,NHÀ XUẤT BẢN NÔNG NGHIỆP,Nhà Xuất Bản Nông Nghiệp,2023,9784838050113,,Bamboo Books,281062.0,https://salt.tikicdn.com/cache/280x280/ts/product/9a/8b/95/5b50805461508e5dbce66052c5b5f706.jpg,2,"Khám phá ngay ấn phẩm ""Sách - Nghề Nuôi Cá Ao - NXB Nông Nghiệp"" hứa hẹn mang lại những kiến thức bổ ích và phút giây thư giãn.",Bìa Gập,17 x 24 cm,512,Tái bản lần 9,90
882,277387666,Sách - Cách Nuôi Cà Cuống - NXB Nông Nghiệp,,,50000,50000,0,0.0,0,,6.0,NHÀ XUẤT BẢN NÔNG NGHIỆP,Nhà Xuất Bản Nông Nghiệp,2024,9788969165712,,Bamboo Books,281062.0,https://salt.tikicdn.com/cache/280x280/ts/product/ae/39/69/4f77904ae9ea88687fc7f30eca3ef70c.jpg,2,"Siêu phẩm bán chạy ""Sách - Cách Nuôi Cà Cuống - NXB Nông Nghiệp"" đang được đông đảo độc giả săn đón và đánh giá cao.",Bìa Cứng,10 x 15 cm,724,Tái bản lần 9,82
882,277387680,Sách - Cách Nuôi Ốc Hương - NXB Nông Nghiệp,,,50000,50000,0,0.0,0,,4.0,NHÀ XUẤT BẢN NÔNG NGHIỆP,Nhà Xuất Bản Nông Nghiệp,2020,9784234796283,,Bamboo Books,281062.0,https://salt.tikicdn.com/cache/280x280/ts/product/f4/5d/5d/702539b28f29852589d2dc6ce0c16862.jpg,2,"Khám phá ngay ấn phẩm ""Sách - Cách Nuôi Ốc Hương - NXB Nông Nghiệp"" đang được đông đảo độc giả săn đón và đánh giá cao.",Bìa Mềm,13 x 19 cm,451,Tái bản lần 1,67
882,277387705,Sách - Cách Nuôi Giun Đất (Trùn Đất) - NXB Nông Nghiệp,,,50000,50000,0,0.0,0,,5.0,NHÀ XUẤT BẢN NÔNG NGHIỆP,Nhà Xuất Bản Nông Nghiệp,2025,9786791194410,,Bamboo Books,281062.0,https://salt.tikicdn.com/cache/280x280/ts/product/31/5e/d6/82abee9bea0a76bd9e4382216f3d0507.jpg,2,"Siêu phẩm bán chạy ""Sách - Cách Nuôi Giun Đất (Trùn Đất) - NXB Nông Nghiệp"" được biên soạn kỹ lưỡng, phù hợp với mọi đối tượng độc giả.",Bìa Cứng,13 x 19 cm,1180,Tái bản lần 3,60
882,277387712,Sách - Cách Trồng Dâu Nuôi Tằm - NXB Nông Nghiệp,,,62000,62000,0,0.0,0,,4.0,NHÀ XUẤT BẢN NÔNG NGHIỆP,Nhà Xuất Bản Nông Nghiệp,2021,9789017994412,,Bamboo Books,281062.0,https://salt.tikicdn.com/cache/280x280/ts/product/01/80/8f/a1d7d5f5e16c7aec4fee3be30eadfb22.jpg,2,"Đừng bỏ lỡ cuốn sách ""Sách - Cách Trồng Dâu Nuôi Tằm - NXB Nông Nghiệp"" với nội dung cực kỳ hấp dẫn và hình thức trình bày đẹp mắt.",Bìa Mềm,13 x 19 cm,959,Tái bản lần 8,57
882,277387722,"Sách - Cách Trồng Nấm Linh Chi, Nấm Vân Chi, Nấm Đầu Khỉ - NXB Nông Nghiệp",,,62000,62000,0,5.0,1,,11.0,NHÀ XUẤT BẢN NÔNG NGHIỆP,Nhà Xuất Bản Nông Nghiệp,2024,9786532450813,,Bamboo Books,281062.0,https://salt.tikicdn.com/cache/280x280/ts/product/cc/21/aa/4ce390125324ded3f79541f660ab5d4b.jpg,2,"Siêu phẩm bán chạy ""Sách - Cách Trồng Nấm Linh Chi, Nấm Vân Chi, Nấm Đầu Khỉ - NXB Nông Nghiệp"" là sự lựa chọn hoàn hảo để bổ sung vào tủ sách của bạn.",Bìa Mềm,14.5 x 20.5 cm,1089,Tái bản lần 4,23
882,277446821,Sách -  Nghề Đãi Vàng Từ Chim Yến - NXB Nông Nghiệp,,,240000,240000,0,0.0,0,,6.0,NHÀ XUẤT BẢN NÔNG NGHIỆP,Nhà Xuất Bản Nông Nghiệp,2023,9787458012573,,Bamboo Books,281062.0,https://salt.tikicdn.com/cache/280x280/ts/product/0d/69/16/4594bb09aaef6e820f02ffa5bfcd64f5.jpg,2,"Đừng bỏ lỡ cuốn sách ""Sách -  Nghề Đãi Vàng Từ Chim Yến - NXB Nông Nghiệp"" hứa hẹn mang lại những kiến thức bổ ích và phút giây thư giãn.",Bìa Mềm,17 x 24 cm,1132,Tái bản lần 1,98
882,277480221, Kỹ Thuật Nuôi Bò Và Biện Pháp Phòng Trị Bệnh (Tái bản 2025),TS Nguyễn Hùng Nguyệt,694437,58500,78000,25,0.0,0,,2.0,VIETNAMBOOK,Nhà Xuất Bản Hồng Đức,2025,9785335274248,156.0,VIETNAMBOOK,197.0,https://salt.tikicdn.com/cache/280x280/ts/product/b4/88/60/5b155156a8f95cc98894a853615e78f5.jpg,14,"Khám phá ngay ấn phẩm "" Kỹ Thuật Nuôi Bò Và Biện Pháp Phòng Trị Bệnh (Tái bản 2025)"" là sự lựa chọn hoàn hảo để bổ sung vào tủ sách của bạn.",Bìa Mềm,16 x 24 cm,276,Tái bản lần 6,87
882,277480267,Nông Nghiệp Xanh Và Sạch - Những Điều Cần Biết Về Chinh Sách Nông Nghiệp Và Phát Triển Nông Thôn,Vũ Quế Anh,8193009,53000,53000,0,0.0,0,,,,,2022,9785236079725,,,,https://salt.tikicdn.com/cache/280x280/ts/product/2e/0a/e0/d907d5d84ca3cf2ef0bd9f02aa1ac4f3.jpg,13,"Giới thiệu đến bạn đọc cuốn ""Nông Nghiệp Xanh Và Sạch - Những Điều Cần Biết Về Chinh Sách Nông Nghiệp Và Phát Triển Nông Thôn"" với nội dung cực kỳ hấp dẫn và hình thức trình bày đẹp mắt.",Boxset,13 x 19 cm,533,Tái bản lần 3,68
882,277497355,Nông Nghiệp Xanh Và Sạch - Trồng Nấm Sạch Năng Suất Cao,Vũ Quế Anh,8193009,62000,62000,0,0.0,0,,19.0,VIETNAMBOOK,Nhà Xuất Bản Hồng Đức,2025,9784584994806,112.0,VIETNAMBOOK,197.0,https://salt.tikicdn.com/cache/280x280/ts/product/9d/6e/7a/1caf48de1e1600a9fefc246f35705fff.jpg,15,"Giới thiệu đến bạn đọc cuốn ""Nông Nghiệp Xanh Và Sạch - Trồng Nấm Sạch Năng Suất Cao"" với nội dung cực kỳ hấp dẫn và hình thức trình bày đẹp mắt.",Bìa Gập,10 x 15 cm,1109,Tái bản lần 1,67
882,277497395,Nông Nghiệp Xanh Và Sạch - Trồng Rau Sạch Trong Nhà Vườn,Vũ Quế Anh,8193009,46000,62000,26,0.0,0,,4.0,VIETNAMBOOK,Nhà Xuất Bản Hồng Đức,2025,9781575066183,112.0,VIETNAMBOOK,197.0,https://salt.tikicdn.com/cache/280x280/ts/product/7d/d1/92/95656a01d001b29687df7a9c46ec9049.jpg,10,"Siêu phẩm bán chạy ""Nông Nghiệp Xanh Và Sạch - Trồng Rau Sạch Trong Nhà Vườn"" là sự lựa chọn hoàn hảo để bổ sung vào tủ sách của bạn.",Bìa Cứng,17 x 24 cm,605,Tái bản lần 3,90
882,277497500,Nông Nghiệp Xanh Và Sạch - Nuôi Lợn Thịt Sạch,Vũ Quế Anh,8193009,43000,58000,26,5.0,1,,8.0,VIETNAMBOOK,Nhà Xuất Bản Hồng Đức,2025,9785756246238,112.0,VIETNAMBOOK,197.0,https://salt.tikicdn.com/cache/280x280/ts/product/2c/da/96/0c771e60ba37787eb08a76c6202dd115.jpg,12,"Siêu phẩm bán chạy ""Nông Nghiệp Xanh Và Sạch - Nuôi Lợn Thịt Sạch"" hứa hẹn mang lại những kiến thức bổ ích và phút giây thư giãn.",Bìa Mềm,13 x 19 cm,1055,Tái bản lần 3,38
882,277497715,Nông Nghiệp Xanh Và Sạch - Trồng Và Chăm Sóc Cây Cảnh,Vũ Quế Anh,8193009,52000,69000,25,0.0,0,,8.0,VIETNAMBOOK,Nhà Xuất Bản Hồng Đức,2025,9782945007198,124.0,VIETNAMBOOK,197.0,https://salt.tikicdn.com/cache/280x280/ts/product/42/20/59/fdd45bee1854a13a8f0fe256f7153139.jpg,13,"Đừng bỏ lỡ cuốn sách ""Nông Nghiệp Xanh Và Sạch - Trồng Và Chăm Sóc Cây Cảnh"" với nội dung cực kỳ hấp dẫn và hình thức trình bày đẹp mắt.",Boxset,14.5 x 20.5 cm,383,Tái bản lần 5,50
882,277608799,"Nông Nghiệp Xanh, Sạch - Kỹ Thuật Trồng Cây Và Hoa Thuỷ Sinh (Tái bản)",,,37000,50000,26,4.0,1,,9.0,VIETNAMBOOK,Nhà Xuất Bản Hồng Đức,2025,9786019106322,100.0,VIETNAMBOOK,197.0,https://salt.tikicdn.com/cache/280x280/ts/product/9e/51/eb/6ad2bc8448f36d9fd20cc815adc6cc1f.jpg,14,"Đừng bỏ lỡ cuốn sách ""Nông Nghiệp Xanh, Sạch - Kỹ Thuật Trồng Cây Và Hoa Thuỷ Sinh (Tái bản)"" đang được đông đảo độc giả săn đón và đánh giá cao.",Bìa Gập,14.5 x 20.5 cm,712,Tái bản lần 3,68
1084,274031576,Series các tập ATTACK ON TITAN,Hajime Isayama,28001,43000,48000,10,5.0,110,,1823.0,NXB Trẻ,NXB Trẻ,2024,9784580626146,200.0,Tiki Trading,1.0,https://salt.tikicdn.com/cache/280x280/ts/product/02/8e/eb/470582772b226645e60e21bda1f66015.jpg,4,"Siêu phẩm bán chạy ""Series các tập ATTACK ON TITAN"" được biên soạn kỹ lưỡng, phù hợp với mọi đối tượng độc giả.",Bìa Mềm,14.5 x 20.5 cm,232,Tái bản lần 10,63
1084,276285600,Phù thủy và dã thú,Kosuke Satake,8252007,48000,55000,13,5.0,1,,73.0,NXB Trẻ,NXB Trẻ,2024,9783511623866,194.0,Tiki Trading,1.0,https://salt.tikicdn.com/cache/280x280/ts/product/25/3a/30/11748967bfc2268af5d12250a0eea1f9.jpg,4,"Siêu phẩm bán chạy ""Phù thủy và dã thú"" đang được đông đảo độc giả săn đón và đánh giá cao.",Boxset,14.5 x 20.5 cm,1190,Tái bản lần 10,16
1084,275362670,Sakamoto Days Sát thủ huyền thoại [Chọn Tập Lẻ],Yuto Suzuki,8244441,39000,43000,9,5.0,52,,1483.0,NXB Trẻ,NXB Trẻ,2024,9783560648952,192.0,Tiki Trading,1.0,https://salt.tikicdn.com/cache/280x280/ts/product/0f/7b/4e/52543f0acdff5b3dff2e6162d0744f37.jpg,5,"Giới thiệu đến bạn đọc cuốn ""Sakamoto Days Sát thủ huyền thoại [Chọn Tập Lẻ]"" đang được đông đảo độc giả săn đón và đánh giá cao.",Bìa Gập,17 x 24 cm,962,Tái bản lần 8,48
1084,276379811,Series các tập WIND BREAKER,NII Satoru,8253067,38000,45000,16,5.0,29,,315.0,NXB Trẻ,NXB Trẻ,2024,9782354496103,192.0,Tiki Trading,1.0,https://salt.tikicdn.com/cache/280x280/ts/product/79/e7/e2/36aa2dc61a6362ad3e1633ae431d1293.jpg,4,"Khám phá ngay ấn phẩm ""Series các tập WIND BREAKER"" là sự lựa chọn hoàn hảo để bổ sung vào tủ sách của bạn.",Bìa Gập,16 x 24 cm,984,Tái bản lần 9,15
1084,276659602,Series các tập Claymore,Norihiro Yagi,8208587,32000,38000,16,5.0,36,,586.0,NXB Trẻ,NXB Trẻ,2024,9783330650396,186.0,Tiki Trading,1.0,https://salt.tikicdn.com/cache/280x280/ts/product/46/0a/83/6e33e165290f0b90c8de1b7f6c07f304.jpg,2,"Siêu phẩm bán chạy ""Series các tập Claymore"" với nội dung cực kỳ hấp dẫn và hình thức trình bày đẹp mắt.",Boxset,13 x 19 cm,1144,Tái bản lần 6,65
1084,276735355,"Combo Thần đồng đất Việt 20 tập (Từ tập 1 đến 20, từ tập 21 đến 40, từ tập 41 đến 60)",nhieu tac gia,709597,310000,310000,0,0.0,0,,18.0,Cty Phan Thị,Nhà Xuất Bản Kim Đồng,2021,9784424462012,,Manga Store,335266.0,https://salt.tikicdn.com/cache/280x280/ts/product/d3/4a/af/f80023c1bdc6cd896a62f602902adfe3.jpg,4,"Giới thiệu đến bạn đọc cuốn ""Combo Thần đồng đất Việt 20 tập (Từ tập 1 đến 20, từ tập 21 đến 40, từ tập 41 đến 60)"" đang được đông đảo độc giả săn đón và đánh giá cao.",Bìa Cứng,14.5 x 20.5 cm,505,Tái bản lần 6,55
1084,276968794,Truyện - Naruto - Chọn Lẻ Tập 1 - 25 - Masashi Kishimoto - NXB Kim Đồng,,,35000,35000,0,3.8,4,,48.0, NXB Kim Đồng,Nhà Xuất Bản Kim Đồng,2023,9785031060437,,Bamboo Books,281062.0,https://salt.tikicdn.com/cache/280x280/ts/product/3b/91/7f/dc04132347deaf4dd43cf65b054c2b0f.jpg,2,"Giới thiệu đến bạn đọc cuốn ""Truyện - Naruto - Chọn Lẻ Tập 1 - 25 - Masashi Kishimoto - NXB Kim Đồng"" với nội dung cực kỳ hấp dẫn và hình thức trình bày đẹp mắt.",Bìa Mềm,13 x 19 cm,532,Tái bản lần 3,81
1084,276968843,Truyện - Naruto - Chọn Lẻ Tập 26 - 50 - Masashi Kishimoto - NXB Kim Đồng,,,35000,35000,0,0.0,0,,29.0, NXB Kim Đồng,Nhà Xuất Bản Kim Đồng,2025,9787982305484,,Bamboo Books,281062.0,https://salt.tikicdn.com/cache/280x280/ts/product/12/4f/d9/c51a3a732133e9ae2ef8a76c471f67f2.jpg,2,"Siêu phẩm bán chạy ""Truyện - Naruto - Chọn Lẻ Tập 26 - 50 - Masashi Kishimoto - NXB Kim Đồng"" với nội dung cực kỳ hấp dẫn và hình thức trình bày đẹp mắt.",Bìa Cứng,13 x 19 cm,1190,Tái bản lần 8,45
1084,276981105,Sách - Dược Sư Tự Sự - Light Novel - Chọn Lẻ 7 Tập - Natsu Hyuuga & Touko Shino - Kim Đồng,,,110000,110000,0,5.0,12,,49.0, NXB Kim Đồng,Nhà Xuất Bản Kim Đồng,2024,9787708555253,,Bamboo Books,281062.0,https://salt.tikicdn.com/cache/280x280/ts/product/8e/d5/3a/463bd192999905738a166dd3f4a36dea.jpg,2,"Tác phẩm nổi bật ""Sách - Dược Sư Tự Sự - Light Novel - Chọn Lẻ 7 Tập - Natsu Hyuuga & Touko Shino - Kim Đồng"" đang được đông đảo độc giả săn đón và đánh giá cao.",Bìa Mềm,17 x 24 cm,966,Tái bản lần 5,73
1084,276981137,Sách - Hội Chứng Tuổi Thanh Xuân - Light Novel - Chọn Lẻ 11 Tập - Hajime Kamoshida - Kim Đồng,,,105000,105000,0,5.0,2,,21.0, NXB Kim Đồng,Nhà Xuất Bản Kim Đồng,2022,9788763672749,,Bamboo Books,281062.0,https://salt.tikicdn.com/cache/280x280/ts/product/9b/d5/8c/5675087f99ea93c6a402f3c4e6b91a68.jpg,2,"Giới thiệu đến bạn đọc cuốn ""Sách - Hội Chứng Tuổi Thanh Xuân - Light Novel - Chọn Lẻ 11 Tập - Hajime Kamoshida - Kim Đồng"" với nội dung cực kỳ hấp dẫn và hình thức trình bày đẹp mắt.",Bìa Cứng,14.5 x 20.5 cm,1117,Tái bản lần 8,54
1084,277384364,Hồ Sơ Mật The Top Secret Season 0,Reiko Shimizu,171251,48000,55000,13,5.0,7,,306.0,NXB Trẻ,NXB Trẻ,2025,9783047912171,280.0,Tiki Trading,1.0,https://salt.tikicdn.com/cache/280x280/ts/product/6e/ab/8e/3762fe8b8e26695b11eed49c361e947b.png,4,"Tác phẩm nổi bật ""Hồ Sơ Mật The Top Secret Season 0"" với nội dung cực kỳ hấp dẫn và hình thức trình bày đẹp mắt.",Boxset,17 x 24 cm,731,Tái bản lần 9,43
1084,277392924,Dragon Quest - Cuộc Phiêu Lưu Của Dũng Sĩ Dai - Tập 5,Riku Sanjo,8249789,69000,69000,0,5.0,5,,45.0,NXB Kim Đồng,Nhà Xuất Bản Kim Đồng,2021,9784777906507,280.0,Nhà Sách Phương Nam,229023.0,https://salt.tikicdn.com/cache/280x280/ts/product/53/cb/17/ef67fc5310b476b8b5ff751bd41c6fac.jpg,2,"Siêu phẩm bán chạy ""Dragon Quest - Cuộc Phiêu Lưu Của Dũng Sĩ Dai - Tập 5"" là sự lựa chọn hoàn hảo để bổ sung vào tủ sách của bạn.",Bìa Gập,16 x 24 cm,681,Tái bản lần 6,34
1084,277527674,Nhật Ký Hướng Thố Đường,,,43000,50000,14,5.0,1,,48.0,NXB Trẻ,NXB Trẻ,2022,9787578447715,192.0,Tiki Trading,1.0,https://salt.tikicdn.com/cache/280x280/ts/product/c2/1e/01/cfc0533c12be488e25b0a0b1e93d2657.jpg,4,"Khám phá ngay ấn phẩm ""Nhật Ký Hướng Thố Đường"" đang được đông đảo độc giả săn đón và đánh giá cao.",Bìa Mềm,16 x 24 cm,712,Tái bản lần 7,20
1084,277591013,Bộ Truyện - Itto - Cơn lốc sân cỏ,Motoki Monma,21647,171000,175000,2,5.0,15,,136.0,Nhà Xuất Bản Kim Đồng,Nhà Xuất Bản Kim Đồng,2020,9784257062494,200.0,Tiki Trading,1.0,https://salt.tikicdn.com/cache/280x280/ts/product/ee/a3/6d/90350a148954441b862fef623662bc15.png,9,"Đừng bỏ lỡ cuốn sách ""Bộ Truyện - Itto - Cơn lốc sân cỏ"" hứa hẹn mang lại những kiến thức bổ ích và phút giây thư giãn.",Bìa Cứng,16 x 24 cm,562,Tái bản lần 6,50
1084,277808259,Mèo Mốc – Ai Rồi Cũng Cưới (Trừ Mốc),Mèo Mốc,27275,118150,139000,15,5.0,6,,47.0,SkyComics,Nhà Xuất Bản Dân Trí,2025,9781030379298,200.0,Tiki Trading,1.0,https://salt.tikicdn.com/cache/280x280/ts/product/46/27/89/d3a6281a17d52e57529c4986c4be3724.png,6,"Siêu phẩm bán chạy ""Mèo Mốc – Ai Rồi Cũng Cưới (Trừ Mốc)"" được biên soạn kỹ lưỡng, phù hợp với mọi đối tượng độc giả.",Bìa Cứng,13 x 19 cm,949,Tái bản lần 7,78
1084,277827108,Dragon Quest - Cuộc Phiêu Lưu Của Dũng Sĩ Dai - Tập 6: Kị Sĩ Rồng I [Tặng Kèm Postcard],"Yuji Horii, Riku Sanjo, Koji Inada","8196027, 8249789, 8249790",75000,75000,0,0.0,0,,,Nhà Xuất Bản Kim Đồng,Nhà Xuất Bản Kim Đồng,2024,9787006105452,272.0,GALAXYY STORE,311264.0,https://salt.tikicdn.com/cache/280x280/ts/product/f2/25/af/76ec2c1280f0d7880ba1877fe6b7493e.jpg,4,"Khám phá ngay ấn phẩm ""Dragon Quest - Cuộc Phiêu Lưu Của Dũng Sĩ Dai - Tập 6: Kị Sĩ Rồng I [Tặng Kèm Postcard]"" hứa hẹn mang lại những kiến thức bổ ích và phút giây thư giãn.",Bìa Mềm,14.5 x 20.5 cm,964,Tái bản lần 10,63
1084,277837126,Tây du lầy lội ký 1,Trần Lỗi & Cộng sự,8262708,180000,225000,20,5.0,2,,45.0,Nhã Nam,Nhà Xuất Bản Hội Nhà Văn,2025,9784881953585,384.0,Tiki Trading,1.0,https://salt.tikicdn.com/cache/280x280/ts/product/ff/48/3e/acad21aaab6f9348d806c1991205cfb5.jpg,3,"Siêu phẩm bán chạy ""Tây du lầy lội ký 1"" là sự lựa chọn hoàn hảo để bổ sung vào tủ sách của bạn.",Bìa Mềm,10 x 15 cm,559,Tái bản lần 10,15
1084,277946326,"Hirayasumi - Những Tháng Ngày Chơi Vơi"" - Tập 5",Keigo Shinzo,8250177,57800,68000,15,5.0,4,,48.0,SkyComics,Nhà Xuất Bản Thế Giới,2025,9783322524558,176.0,Tiki Trading,1.0,https://salt.tikicdn.com/cache/280x280/ts/product/92/e3/21/801c125380c2f65f36d0a1f0f54e4c4d.png,4,"Tác phẩm nổi bật ""Hirayasumi - Những Tháng Ngày Chơi Vơi"" - Tập 5"" là sự lựa chọn hoàn hảo để bổ sung vào tủ sách của bạn.",Bìa Gập,14.5 x 20.5 cm,490,Tái bản lần 5,76
1084,278000436,One Piece Tập 106,Takara,457105,29400,30000,2,5.0,7,,93.0,Nhà Xuất Bản Kim Đồng,Nhà Xuất Bản Kim Đồng,2020,9782604376095,204.0,Tiki Trading,1.0,https://salt.tikicdn.com/cache/280x280/ts/product/a8/d8/db/e3147b06f3f4e80d5b4ed4a6a1d41946.jpg,3,"Giới thiệu đến bạn đọc cuốn ""One Piece Tập 106"" được biên soạn kỹ lưỡng, phù hợp với mọi đối tượng độc giả.",Bìa Cứng,10 x 15 cm,1141,Tái bản lần 1,84
1084,278058668,Thám Tử Lừng Danh Conan - Tập 29 (Bản Nâng Cấp) [Tặng Kèm Bookmark],Gosho Aoyama,22477,34300,35000,2,5.0,2,,18.0,Nhà Xuất Bản Kim Đồng,Nhà Xuất Bản Kim Đồng,2025,9782260047670,196.0,Tiki Trading,1.0,https://salt.tikicdn.com/cache/280x280/ts/product/9e/ca/1a/1f15bebd56ae848e1c6ee184ac19c1df.jpg,3,"Khám phá ngay ấn phẩm ""Thám Tử Lừng Danh Conan - Tập 29 (Bản Nâng Cấp) [Tặng Kèm Bookmark]"" đang được đông đảo độc giả săn đón và đánh giá cao.",Boxset,17 x 24 cm,911,Tái bản lần 5,97
1084,278074011,Tây Du Lầy Lội Ký 2,Trần Lỗi & Cộng sự,8262708,165550,215000,23,5.0,1,,35.0,Nhã Nam,Nhà Xuất Bản Hội Nhà Văn,2023,9788325741407,364.0,Tiki Trading,1.0,https://salt.tikicdn.com/cache/280x280/ts/product/de/f3/86/2adffe029db245bf4c667e3fbcc68a33.jpg,4,"Đừng bỏ lỡ cuốn sách ""Tây Du Lầy Lội Ký 2"" đang được đông đảo độc giả săn đón và đánh giá cao.",Boxset,16 x 24 cm,1115,Tái bản lần 6,29
1084,278095717,Dấu Ấn Hoàng Gia - Tập 25,Chieko Hosokawa & Fūmin,8260358,28500,30000,5,5.0,4,,93.0,Nhà Xuất Bản Kim Đồng,Nhà Xuất Bản Kim Đồng,2020,9786577948420,216.0,Tiki Trading,1.0,https://salt.tikicdn.com/cache/280x280/ts/product/28/0e/61/77f5ba62e484b51a913e47c4295d5f3e.jpg,3,"Siêu phẩm bán chạy ""Dấu Ấn Hoàng Gia - Tập 25"" là sự lựa chọn hoàn hảo để bổ sung vào tủ sách của bạn.",Bìa Mềm,17 x 24 cm,336,Tái bản lần 8,17
1084,278095719,Thám Tử Lừng Danh Conan - Tập 30 (Bản Nâng Cấp) [Tặng Kèm Bookmark],Gosho Aoyama,22477,34300,35000,2,5.0,2,,25.0,Nhà Xuất Bản Kim Đồng,Nhà Xuất Bản Kim Đồng,2020,9788793622947,196.0,Tiki Trading,1.0,https://salt.tikicdn.com/cache/280x280/ts/product/6f/c4/55/94f8295600fe9e93df04de29e7d5661f.jpg,3,"Siêu phẩm bán chạy ""Thám Tử Lừng Danh Conan - Tập 30 (Bản Nâng Cấp) [Tặng Kèm Bookmark]"" với nội dung cực kỳ hấp dẫn và hình thức trình bày đẹp mắt.",Bìa Gập,17 x 24 cm,824,Tái bản lần 2,95
1084,278100335,Ánh Sao Bên Tôi ,Khuyển Nhất,8264468,140000,175000,20,5.0,10,,144.0,Daisy Comics,Nhà Xuất Bản Văn Học,2025,9787521141177,224.0,Tiki Trading,1.0,https://salt.tikicdn.com/cache/280x280/ts/product/81/9b/f4/08924341cc90f2164e74d2f38255371c.png,4,"Tác phẩm nổi bật ""Ánh Sao Bên Tôi "" hứa hẹn mang lại những kiến thức bổ ích và phút giây thư giãn.",Bìa Gập,17 x 24 cm,1121,Tái bản lần 9,43
1084,278123404,Vùng Đất Xa Xăm,Mami Tsumura,8261091,80000,84600,5,5.0,12,,157.0,NXB Trẻ,NXB Trẻ,2025,9788790487076,370.0,Tiki Trading,1.0,https://salt.tikicdn.com/cache/280x280/ts/product/bd/be/2c/6419c64b82c46c93cd098f7a644f2534.jpg,4,"Đừng bỏ lỡ cuốn sách ""Vùng Đất Xa Xăm"" là sự lựa chọn hoàn hảo để bổ sung vào tủ sách của bạn.",Boxset,10 x 15 cm,969,Tái bản lần 1,53
1084,278123405,Sobotei Dinh Thự Ma Ám (Chọn tập lẻ),Kazuhiro Fujita,25489,39000,42400,8,5.0,3,,139.0,NXB Trẻ,NXB Trẻ,2025,9784731758809,198.0,Tiki Trading,1.0,https://salt.tikicdn.com/cache/280x280/ts/product/a8/4f/02/a3b5c0550bc34eee841fd46b45eba03a.jpg,3,"Tác phẩm nổi bật ""Sobotei Dinh Thự Ma Ám (Chọn tập lẻ)"" được biên soạn kỹ lưỡng, phù hợp với mọi đối tượng độc giả.",Bìa Cứng,10 x 15 cm,890,Tái bản lần 2,37
1084,278123448,Thám Tử Lừng Danh Conan - Tập 31 (Bản Nâng Cấp) [Tặng Kèm Bookmark],Gosho Aoyama,22477,33000,35000,6,5.0,2,,19.0,Nhà Xuất Bản Kim Đồng,Nhà Xuất Bản Kim Đồng,2020,9782694832712,196.0,Tiki Trading,1.0,https://salt.tikicdn.com/cache/280x280/ts/product/03/0d/91/88439ad65c980ec824971c89e59b8c69.jpg,3,"Khám phá ngay ấn phẩm ""Thám Tử Lừng Danh Conan - Tập 31 (Bản Nâng Cấp) [Tặng Kèm Bookmark]"" với nội dung cực kỳ hấp dẫn và hình thức trình bày đẹp mắt.",Bìa Mềm,16 x 24 cm,819,Tái bản lần 5,33
1084,278160056,One Piece - Tập 107 (Bản Bìa Áo): “Anh Hùng Huyền Thoại”,Eiichiro Oda,17557,29400,30000,2,5.0,9,,67.0,Nhà Xuất Bản Kim Đồng,Nhà Xuất Bản Kim Đồng,2025,9788848624262,,Tiki Trading,1.0,https://salt.tikicdn.com/cache/280x280/ts/product/20/cc/55/c88d7d14592f818263741e8531202483.jpg,3,"Khám phá ngay ấn phẩm ""One Piece - Tập 107 (Bản Bìa Áo): “Anh Hùng Huyền Thoại”"" với nội dung cực kỳ hấp dẫn và hình thức trình bày đẹp mắt.",Bìa Cứng,17 x 24 cm,322,Tái bản lần 7,77
1084,278160072,One-Punch Man - Tập 30: Chướng Ngại Lớn Nhất (Bản Đặc Biệt) [Tặng Kèm Bìa Áo PVC + Standee Acrylic],"One, Yusuke Murata","148978, 17568",141000,150000,6,5.0,4,,74.0,Nhà Xuất Bản Kim Đồng,Nhà Xuất Bản Kim Đồng,2023,9782626797410,,Tiki Trading,1.0,https://salt.tikicdn.com/cache/280x280/ts/product/8c/79/0f/a513871a57840f97dabfe3e3ec6145b5.jpg,4,"Tác phẩm nổi bật ""One-Punch Man - Tập 30: Chướng Ngại Lớn Nhất (Bản Đặc Biệt) [Tặng Kèm Bìa Áo PVC + Standee Acrylic]"" với nội dung cực kỳ hấp dẫn và hình thức trình bày đẹp mắt.",Bìa Mềm,10 x 15 cm,981,Tái bản lần 7,23
1084,278160115,Thám Tử Lừng Danh Conan - Tập 32 (Bản Nâng Cấp) [Tặng Kèm Bookmark],Gosho Aoyama,22477,34300,35000,2,5.0,2,,22.0,Nhà Xuất Bản Kim Đồng,Nhà Xuất Bản Kim Đồng,2022,9784216788233,,Tiki Trading,1.0,https://salt.tikicdn.com/cache/280x280/ts/product/b1/36/7b/d5a6e4ce6df6596b2d415db7f427f3f5.jpg,3,"Tác phẩm nổi bật ""Thám Tử Lừng Danh Conan - Tập 32 (Bản Nâng Cấp) [Tặng Kèm Bookmark]"" với nội dung cực kỳ hấp dẫn và hình thức trình bày đẹp mắt.",Bìa Cứng,16 x 24 cm,1007,Tái bản lần 3,40
1084,278160119,One-Punch Man - Tập 30: Chướng Ngại Lớn Nhất (Bản Thường),"One, Yusuke Murata","148978, 17568",28500,30000,5,5.0,3,,60.0,Nhà Xuất Bản Kim Đồng,Nhà Xuất Bản Kim Đồng,2022,9784444895390,,Tiki Trading,1.0,https://salt.tikicdn.com/cache/280x280/ts/product/67/79/ae/1e0ad2b7ec91646b647d0c9b154fa3f2.jpg,2,"Đừng bỏ lỡ cuốn sách ""One-Punch Man - Tập 30: Chướng Ngại Lớn Nhất (Bản Thường)"" là sự lựa chọn hoàn hảo để bổ sung vào tủ sách của bạn.",Boxset,13 x 19 cm,327,Tái bản lần 6,22
1084,278227584,Thám Tử Lừng Danh Conan - Tập 33 (Bản Nâng Cấp) [Tặng Kèm Bookmark],Gosho Aoyama,22477,33250,35000,5,5.0,1,,23.0,Nhà Xuất Bản Kim Đồng,Nhà Xuất Bản Kim Đồng,2025,9784545890031,192.0,Tiki Trading,1.0,https://salt.tikicdn.com/cache/280x280/ts/product/ac/24/de/106228e8a447c2b04f3dc8dcc01e8aa6.jpg,4,"Siêu phẩm bán chạy ""Thám Tử Lừng Danh Conan - Tập 33 (Bản Nâng Cấp) [Tặng Kèm Bookmark]"" đang được đông đảo độc giả săn đón và đánh giá cao.",Bìa Mềm,16 x 24 cm,294,Tái bản lần 9,22
1084,278229520,Solo Leveling - Tôi Thăng Cấp Một Mình - Tập 21 [Tặng Kèm Obi + Bộ Đôi Card PVC],"Dubu (Redice Studio), Chugong, h-goon","8191061, 7988715, 8265175",82720,88000,6,5.0,3,,41.0,Nhà Xuất Bản Kim Đồng,Nhà Xuất Bản Kim Đồng,2023,9788759701173,172.0,Tiki Trading,1.0,https://salt.tikicdn.com/cache/280x280/ts/product/88/3d/7a/0a684ae5af27cbe3c2487f3ef44faece.jpg,6,"Đừng bỏ lỡ cuốn sách ""Solo Leveling - Tôi Thăng Cấp Một Mình - Tập 21 [Tặng Kèm Obi + Bộ Đôi Card PVC]"" đang được đông đảo độc giả săn đón và đánh giá cao.",Bìa Cứng,14.5 x 20.5 cm,301,Tái bản lần 2,37
1084,278229572,"Hẹn Gặp Lại, Quốc Vương Của Tôi - Tập 3",Ôn Viễn,8232025,152150,179000,15,5.0,8,,79.0,Daisy Comics,Nhà Xuất Bản Dân Trí,2025,9782453332061,256.0,Tiki Trading,1.0,https://salt.tikicdn.com/cache/280x280/ts/product/b1/b3/09/9f3e76d0bc2b33dd538d4bf8608d93fc.png,5,"Đừng bỏ lỡ cuốn sách ""Hẹn Gặp Lại, Quốc Vương Của Tôi - Tập 3"" hứa hẹn mang lại những kiến thức bổ ích và phút giây thư giãn.",Boxset,10 x 15 cm,622,Tái bản lần 2,67
1084,278275166,Hoa Thơm Kiêu Hãnh (Chọn tập lẻ),Saka Mikami,8265378,48000,51900,8,5.0,8,,508.0,NXB Trẻ,NXB Trẻ,2025,9784207643646,192.0,Tiki Trading,1.0,https://salt.tikicdn.com/cache/280x280/ts/product/65/11/52/9dd8328f844e4cc343abf2d9b8520958.png,4,"Đừng bỏ lỡ cuốn sách ""Hoa Thơm Kiêu Hãnh (Chọn tập lẻ)"" với nội dung cực kỳ hấp dẫn và hình thức trình bày đẹp mắt.",Bìa Mềm,14.5 x 20.5 cm,587,Tái bản lần 5,69
6445,216001008,Tạp chí Tiếng Anh - Nikkei Asia 2023: kỳ 4: BEIJING'S INFRASTRUCTURE BINDS HONG KONG,Nikkei Top Leader,143474,145000,145000,0,5.0,1,,6.0,Global Book Corporation,Nikkei,2023,49029090.0,45.0,Global Book Corporation,130.0,https://salt.tikicdn.com/cache/280x280/ts/product/2e/e6/43/947d5d425cabce83debc99bfc6349019.png,5,"Khám phá ngay ấn phẩm ""Tạp chí Tiếng Anh - Nikkei Asia 2023: kỳ 4: BEIJING'S INFRASTRUCTURE BINDS HONG KONG"" được biên soạn kỹ lưỡng, phù hợp với mọi đối tượng độc giả.",Bìa Gập,10 x 15 cm,346,Tái bản lần 10,92
6445,216461668,Tạp chí Tiếng Anh - Nikkei Asia 2023: kỳ 6: THE GENERAL IN HIS LABYRINTH,Nikkei Top Leader,143474,145000,145000,0,5.0,2,,7.0,Global Book Corporation,Nikkei,2023,49029090.0,45.0,Global Book Corporation,130.0,https://salt.tikicdn.com/cache/280x280/ts/product/25/1f/77/6c4acac7fb0a9b65ecfff590cee3729d.png,5,"Giới thiệu đến bạn đọc cuốn ""Tạp chí Tiếng Anh - Nikkei Asia 2023: kỳ 6: THE GENERAL IN HIS LABYRINTH"" là sự lựa chọn hoàn hảo để bổ sung vào tủ sách của bạn.",Bìa Gập,14.5 x 20.5 cm,811,Tái bản lần 2,65
6445,230054385,Tạp chí Tiếng Anh - Nikkei Asia 2023: kỳ 9: UKRAINE'S YEAR OF AGONY AND DEFINANCE,Nikkei Top Leader,143474,100000,100000,0,0.0,0,,1.0,Global Book Corporation,Nikkei,2023,49029090.0,45.0,Global Book Corporation,130.0,https://salt.tikicdn.com/cache/280x280/ts/product/7d/19/3b/96f5e7f26f5f12b60c4547daa7f6e8a7.png,5,"Siêu phẩm bán chạy ""Tạp chí Tiếng Anh - Nikkei Asia 2023: kỳ 9: UKRAINE'S YEAR OF AGONY AND DEFINANCE"" với nội dung cực kỳ hấp dẫn và hình thức trình bày đẹp mắt.",Bìa Mềm,13 x 19 cm,255,Tái bản lần 10,20
6445,247796667,Tạp chí Tiếng Anh - Nikkei Asia 2023: kỳ 11: TAKE THE LEAD,Nikkei Top Leader,143474,100000,100000,0,0.0,0,,1.0,Global Book Corporation,Nikkei,2023,49029090.0,45.0,Global Book Corporation,130.0,https://salt.tikicdn.com/cache/280x280/ts/product/25/ea/eb/634d7c92980baf7c5dd4047855f8045a.png,4,"Khám phá ngay ấn phẩm ""Tạp chí Tiếng Anh - Nikkei Asia 2023: kỳ 11: TAKE THE LEAD"" hứa hẹn mang lại những kiến thức bổ ích và phút giây thư giãn.",Bìa Cứng,10 x 15 cm,931,Tái bản lần 6,58
6445,247797008,Tạp chí Tiếng Anh - Nikkei Asia 2023: kỳ 12: PAKISTAN'S PROBLEM,Nikkei Top Leader,143474,100000,100000,0,0.0,0,,2.0,Global Book Corporation,Nikkei,2023,49029090.0,45.0,Global Book Corporation,130.0,https://salt.tikicdn.com/cache/280x280/ts/product/eb/fb/a0/2f0091002d4bfdc4c4a7892541b4b338.png,5,"Đừng bỏ lỡ cuốn sách ""Tạp chí Tiếng Anh - Nikkei Asia 2023: kỳ 12: PAKISTAN'S PROBLEM"" được biên soạn kỹ lưỡng, phù hợp với mọi đối tượng độc giả.",Bìa Cứng,16 x 24 cm,827,Tái bản lần 1,83
6445,248786608,"Tạp chí Tiếng Anh - Nikkei Asia 2023: kỳ 13: CHINA'S DEMOGRAPHIC DEBACLE - 13.23 tạp chí kinh tế nước ngoài, nhập khẩu từ Singapore","Nikkei Top Leader, Nikkei Design","143474, 4296495",100000,100000,0,0.0,0,,,Global Book Corporation,Nikkei,2023,49029090.0,45.0,Global Book Corporation,130.0,https://salt.tikicdn.com/cache/280x280/ts/product/64/6c/05/83682307220f7a48a92df01820cb3a41.png,5,"Đừng bỏ lỡ cuốn sách ""Tạp chí Tiếng Anh - Nikkei Asia 2023: kỳ 13: CHINA'S DEMOGRAPHIC DEBACLE - 13.23 tạp chí kinh tế nước ngoài, nhập khẩu từ Singapore"" được biên soạn kỹ lưỡng, phù hợp với mọi đối tượng độc giả.",Bìa Mềm,10 x 15 cm,757,Tái bản lần 4,34
6445,252171298,Tạp chí Tiếng Anh - Nikkei Asia 2023: kỳ 16: THE RETURN OF JACK MA,"Nikkei Design, Nikkei Top Leader","4296495, 143474",100000,100000,0,0.0,0,,4.0,Global Book Corporation,Nikkei,2023,49029090.0,45.0,Global Book Corporation,130.0,https://salt.tikicdn.com/cache/280x280/ts/product/6e/dc/4c/224c28a926931950d24dfcc488d56c9e.png,5,"Giới thiệu đến bạn đọc cuốn ""Tạp chí Tiếng Anh - Nikkei Asia 2023: kỳ 16: THE RETURN OF JACK MA"" được biên soạn kỹ lưỡng, phù hợp với mọi đối tượng độc giả.",Bìa Gập,10 x 15 cm,1040,Tái bản lần 6,27
6445,252565032,"Tạp chí Tiếng Anh - Nikkei Asia 2023: kỳ 17: ASIA'S NEXT ""AIRPOCALYPSE""",Nikkei Top Leader,143474,100000,100000,0,0.0,0,,3.0,Global Book Corporation,Nikkei,2023,49029090.0,45.0,Global Book Corporation,130.0,https://salt.tikicdn.com/cache/280x280/ts/product/86/08/ef/abbca60b54600c084aeb406933ebc420.png,5,"Khám phá ngay ấn phẩm ""Tạp chí Tiếng Anh - Nikkei Asia 2023: kỳ 17: ASIA'S NEXT ""AIRPOCALYPSE"""" được biên soạn kỹ lưỡng, phù hợp với mọi đối tượng độc giả.",Bìa Mềm,14.5 x 20.5 cm,652,Tái bản lần 2,98
